start city name,start city coordinates,intermediate city name,intermediate city coordinates,daily_temperature_2m_max,daily_temperature_2m_min,daily_precipitation_sum,daily_rain_sum,daily_snowfall_sum,daily_wind_speed_10m_max,daily_wind_gusts_10m_max,time(minutes),risk_factor,date
Township of Susquehanna,"('-76.90000', '40.30000')",Township of Lower Paxton,"('-76.80000', '40.30000')",[62.96],[48.11],[7.799999],[7.799999],[0.],[11.231878],[28.6336],10.849416666666666,5.170521899634544,2014-10-04
Township of Lower Paxton,"('-76.80000', '40.30000')",Township of Fairview,"('-76.80000', '40.20000')",[63.9167],[48.9767],[7.799999],[7.799999],[0.],[11.231878],[28.6336],24.443733333333334,5.120144039889134,2014-10-04
Township of Fairview,"('-76.80000', '40.20000')",Township of Londonderry,"('-76.70000', '40.20000')",[63.463997],[48.704],[7.799999],[7.799999],[0.],[11.231878],[28.6336],20.936483333333335,5.12977166804621,2014-10-04
Township of Londonderry,"('-76.70000', '40.20000')",Township of Conewago,"('-76.60000', '40.20000')",[63.5468],[48.4268],[8.6],[8.6],[0.],[11.615179],[29.3047],9.969916666666668,5.162892971047865,2014-10-04
Township of Conewago,"('-76.60000', '40.20000')",Township of East Donegal,"('-76.60000', '40.10000')",[64.337],[48.857],[6.4],[6.4],[0.],[12.945641],[29.528399],14.250716666666667,4.998141435262872,2014-10-04
Township of East Donegal,"('-76.60000', '40.10000')",Township of Rapho,"('-76.50000', '40.10000')",[64.634],[49.154],[6.4],[6.4],[0.],[12.945641],[29.528399],14.733516666666667,4.957988263632461,2014-10-04
Township of Rapho,"('-76.50000', '40.10000')",Township of East Hempfield,"('-76.40000', '40.10000')",[64.6313],[49.151302],[6.4],[6.4],[0.],[12.945641],[29.528399],12.387283333333333,4.950099351879167,2014-10-04
Township of East Hempfield,"('-76.40000', '40.10000')",Township of Manheim,"('-76.30000', '40.10000')",[64.557495],[49.3475],[7.7000003],[7.7000003],[0.],[12.752862],[28.186201],11.5344,4.986480472530535,2014-10-04
Township of Manheim,"('-76.30000', '40.10000')",West Lampeter,"('-76.30000', '40.00000')",[65.3306],[49.9406],[7.7000003],[7.7000003],[0.],[12.752862],[28.186201],16.674883333333334,4.923862352288543,2014-10-04
Township of Susquehanna,"('-76.90000', '40.30000')",Township of Lower Paxton,"('-76.80000', '40.30000')",[92.29191],[64.6619],[0.],[0.],[0.],[11.13343],[24.159601],10.849416666666666,3.207241205156226,2017-06-12
Township of Lower Paxton,"('-76.80000', '40.30000')",Township of Fairview,"('-76.80000', '40.20000')",[92.200096],[65.3801],[0.],[0.],[0.],[9.556468],[22.369999],24.443733333333334,3.240051080201172,2017-06-12
Township of Fairview,"('-76.80000', '40.20000')",Township of Londonderry,"('-76.70000', '40.20000')",[91.8374],[65.0174],[0.],[0.],[0.],[9.556468],[22.369999],20.936483333333335,3.2325444460394253,2017-06-12
Township of Londonderry,"('-76.70000', '40.20000')",Township of Conewago,"('-76.60000', '40.20000')",[92.9768],[65.0768],[0.],[0.],[0.],[11.144661],[26.620298],9.969916666666668,3.179301464943913,2017-06-12
Township of Conewago,"('-76.60000', '40.20000')",Township of East Donegal,"('-76.60000', '40.10000')",[93.172104],[65.5421],[0.],[0.],[0.],[10.851179],[23.2648],14.250716666666667,3.163149771677435,2017-06-12
Township of East Donegal,"('-76.60000', '40.10000')",Township of Rapho,"('-76.50000', '40.10000')",[92.6591],[65.5691],[0.],[0.],[0.],[10.927006],[24.159601],14.733516666666667,3.163408376251252,2017-06-12
Township of Rapho,"('-76.50000', '40.10000')",Township of East Hempfield,"('-76.40000', '40.10000')",[92.1479],[65.5979],[0.],[0.],[0.],[11.258579],[26.1729],12.387283333333333,3.153387270591343,2017-06-12
Township of East Hempfield,"('-76.40000', '40.10000')",Township of Manheim,"('-76.30000', '40.10000')",[92.0273],[64.847305],[0.],[0.],[0.],[12.038303],[26.1729],11.5344,3.197314933420064,2017-06-12
Township of Manheim,"('-76.30000', '40.10000')",West Lampeter,"('-76.30000', '40.00000')",[90.6512],[67.3412],[0.],[0.],[0.],[9.212529],[21.2515],16.674883333333334,3.0678408835590356,2017-06-12
Township of Susquehanna,"('-76.90000', '40.30000')",Township of Lower Paxton,"('-76.80000', '40.30000')",[95.2619],[67.6319],[0.3],[0.3],[0.],[10.106191],[21.9226],10.849416666666666,3.040231327769907,2017-06-13
Township of Lower Paxton,"('-76.80000', '40.30000')",Township of Fairview,"('-76.80000', '40.20000')",[93.7301],[68.3501],[0.],[0.],[0.],[10.51628],[26.620298],24.443733333333334,3.067754602744013,2017-06-13
Township of Fairview,"('-76.80000', '40.20000')",Township of Londonderry,"('-76.70000', '40.20000')",[93.36741],[67.9874],[0.],[0.],[0.],[10.51628],[26.620298],20.936483333333335,3.0578577624261984,2017-06-13
Township of Londonderry,"('-76.70000', '40.20000')",Township of Conewago,"('-76.60000', '40.20000')",[93.606804],[68.136795],[0.],[0.],[0.],[12.819396],[30.1995],9.969916666666668,3.0000263977959283,2017-06-13
Township of Conewago,"('-76.60000', '40.20000')",Township of East Donegal,"('-76.60000', '40.10000')",[94.342094],[68.6021],[0.],[0.],[0.],[11.391141],[26.3966],14.250716666666667,2.987007061139365,2017-06-13
Township of East Donegal,"('-76.60000', '40.10000')",Township of Rapho,"('-76.50000', '40.10000')",[94.099106],[68.4491],[0.],[0.],[0.],[11.965337],[25.7255],14.733516666666667,2.9972482315249986,2017-06-13
Township of Rapho,"('-76.50000', '40.10000')",Township of East Hempfield,"('-76.40000', '40.10000')",[94.0379],[68.117905],[0.],[0.],[0.],[9.986646],[22.369999],12.387283333333333,3.0071886454157672,2017-06-13
Township of East Hempfield,"('-76.40000', '40.10000')",Township of Manheim,"('-76.30000', '40.10000')",[93.6473],[67.5473],[0.],[0.],[0.],[9.564319],[20.580399],11.5344,3.0366678851680167,2017-06-13
Township of Manheim,"('-76.30000', '40.10000')",West Lampeter,"('-76.30000', '40.00000')",[93.531204],[70.311195],[0.],[0.],[0.],[8.973131],[20.3567],16.674883333333334,2.907659152045584,2017-06-13
Township of Susquehanna,"('-76.90000', '40.30000')",Township of Lower Paxton,"('-76.80000', '40.30000')",[27.0419],[6.3419],[0.1],[0.],[0.07],[10.167897],[20.3567],10.849416666666666,-21.168004165242728,2022-01-30
Township of Lower Paxton,"('-76.80000', '40.30000')",Township of Fairview,"('-76.80000', '40.20000')",[29.7401],[9.040098],[0.1],[0.],[0.07],[10.167897],[22.1463],24.443733333333334,-32.61114876831872,2022-01-30
Township of Fairview,"('-76.80000', '40.20000')",Township of Londonderry,"('-76.70000', '40.20000')",[29.3774],[8.677399],[0.1],[0.],[0.07],[10.167897],[22.1463],20.936483333333335,-30.412906081189902,2022-01-30
Township of Londonderry,"('-76.70000', '40.20000')",Township of Conewago,"('-76.60000', '40.20000')",[28.7168],[8.376801],[0.1],[0.],[0.07],[10.627515],[23.0411],9.969916666666668,-28.83362502946968,2022-01-30
Township of Conewago,"('-76.60000', '40.20000')",Township of East Donegal,"('-76.60000', '40.10000')",[29.0921],[9.112101],[0.],[0.],[0.],[11.090649],[22.1463],14.250716666666667,-33.12298363220455,2022-01-30
Township of East Donegal,"('-76.60000', '40.10000')",Township of Rapho,"('-76.50000', '40.10000')",[29.1191],[9.319099],[0.],[0.],[0.],[11.722392],[23.4885],14.733516666666667,-34.5867325878815,2022-01-30
Township of Rapho,"('-76.50000', '40.10000')",Township of East Hempfield,"('-76.40000', '40.10000')",[28.9679],[9.167898],[0.],[0.],[0.],[11.872971],[23.2648],12.387283333333333,-33.512058963397806,2022-01-30
Township of East Hempfield,"('-76.40000', '40.10000')",Township of Manheim,"('-76.30000', '40.10000')",[28.6673],[9.407299],[0.],[0.],[0.],[11.258579],[22.369999],11.5344,-35.262055858285315,2022-01-30
Township of Manheim,"('-76.30000', '40.10000')",West Lampeter,"('-76.30000', '40.00000')",[29.8112],[10.0112],[0.],[0.],[0.],[12.50521],[25.0544],16.674883333333334,-40.58292896417977,2022-01-30
Township of Susquehanna,"('-76.90000', '40.30000')",Township of Lower Paxton,"('-76.80000', '40.30000')",[88.6019],[69.1619],[0.],[0.],[0.],[8.84959],[17.2249],10.849416666666666,2.946381629935219,2017-06-14
Township of Lower Paxton,"('-76.80000', '40.30000')",Township of Fairview,"('-76.80000', '40.20000')",[89.2301],[70.1501],[0.],[0.],[0.],[7.791057],[16.1064],24.443733333333334,2.9722031294715485,2017-06-14
Township of Fairview,"('-76.80000', '40.20000')",Township of Londonderry,"('-76.70000', '40.20000')",[88.8674],[69.7874],[0.],[0.],[0.],[7.791057],[16.1064],20.936483333333335,2.961038948568947,2017-06-14
Township of Londonderry,"('-76.70000', '40.20000')",Township of Conewago,"('-76.60000', '40.20000')",[88.9268],[69.9368],[0.],[0.],[0.],[7.5695267],[16.5538],9.969916666666668,2.903732645256598,2017-06-14
Township of Conewago,"('-76.60000', '40.20000')",Township of East Donegal,"('-76.60000', '40.10000')",[89.1221],[70.4021],[0.],[0.],[0.],[8.003335],[15.8827],14.250716666666667,2.89232151988154,2017-06-14
Township of East Donegal,"('-76.60000', '40.10000')",Township of Rapho,"('-76.50000', '40.10000')",[89.2391],[70.6991],[0.],[0.],[0.],[8.594274],[18.5671],14.733516666666667,2.879180637395924,2017-06-14
Township of Rapho,"('-76.50000', '40.10000')",Township of East Hempfield,"('-76.40000', '40.10000')",[89.8979],[70.367905],[0.],[0.],[0.],[9.212529],[18.119701],12.387283333333333,2.8877005419163786,2017-06-14
Township of East Hempfield,"('-76.40000', '40.10000')",Township of Manheim,"('-76.30000', '40.10000')",[90.2273],[70.2473],[0.],[0.],[0.],[10.20229],[23.4885],11.5344,2.891443676634052,2017-06-14
Township of Manheim,"('-76.30000', '40.10000')",West Lampeter,"('-76.30000', '40.00000')",[88.0412],[70.311195],[0.],[0.],[0.],[8.908766],[21.6989],16.674883333333334,2.907659152045584,2017-06-14
Township of Susquehanna,"('-76.90000', '40.30000')",Township of Lower Paxton,"('-76.80000', '40.30000')",[89.3219],[72.311905],[0.8],[0.8],[0.],[5.645932],[15.8827],10.849416666666666,2.8124303503577917,2017-07-21
Township of Lower Paxton,"('-76.80000', '40.30000')",Township of Fairview,"('-76.80000', '40.20000')",[88.6001],[73.9301],[0.3],[0.3],[0.],[5.4152036],[15.4353],24.443733333333334,2.7992388752330077,2017-07-21
Township of Fairview,"('-76.80000', '40.20000')",Township of Londonderry,"('-76.70000', '40.20000')",[88.237404],[73.5674],[0.3],[0.3],[0.],[5.4152036],[15.4353],20.936483333333335,2.785831216440749,2017-07-21
Township of Londonderry,"('-76.70000', '40.20000')",Township of Conewago,"('-76.60000', '40.20000')",[87.666794],[73.1768],[1.9000001],[1.9000001],[0.],[5.645932],[16.5538],9.969916666666668,2.8029589851719567,2017-07-21
Township of Conewago,"('-76.60000', '40.20000')",Township of East Donegal,"('-76.60000', '40.10000')",[88.4021],[73.5521],[0.5],[0.5],[0.],[5.956472],[14.764199],14.250716666666667,2.755507876800473,2017-07-21
Township of East Donegal,"('-76.60000', '40.10000')",Township of Rapho,"('-76.50000', '40.10000')",[88.2491],[73.759094],[0.4],[0.4],[0.],[6.109918],[15.659],14.733516666666667,2.744925097740569,2017-07-21
Township of Rapho,"('-76.50000', '40.10000')",Township of East Hempfield,"('-76.40000', '40.10000')",[88.6379],[73.6079],[0.],[0.],[0.],[6.7296157],[15.4353],12.387283333333333,2.731485083755509,2017-07-21
Township of East Hempfield,"('-76.40000', '40.10000')",Township of Manheim,"('-76.30000', '40.10000')",[88.7873],[73.2173],[0.],[0.],[0.],[6.366614],[16.330101],11.5344,2.746992406973437,2017-07-21
Township of Manheim,"('-76.30000', '40.10000')",West Lampeter,"('-76.30000', '40.00000')",[89.1212],[74.9012],[0.],[0.],[0.],[6.5334187],[16.1064],16.674883333333334,2.6908350864651553,2017-07-21
Township of Susquehanna,"('-76.90000', '40.30000')",Township of Lower Paxton,"('-76.80000', '40.30000')",[72.14],[64.58],[0.70000005],[0.70000005],[0.],[7.405788],[20.3567],10.849416666666666,3.23733005613521,2010-08-24
Township of Lower Paxton,"('-76.80000', '40.30000')",Township of Fairview,"('-76.80000', '40.20000')",[72.3767],[65.0867],[0.70000005],[0.70000005],[0.],[7.405788],[20.3567],24.443733333333334,3.2828228661393606,2010-08-24
Township of Fairview,"('-76.80000', '40.20000')",Township of Londonderry,"('-76.70000', '40.20000')",[72.194],[64.634],[0.70000005],[0.70000005],[0.],[7.405788],[20.3567],20.936483333333335,3.281472897976843,2010-08-24
Township of Londonderry,"('-76.70000', '40.20000')",Township of Conewago,"('-76.60000', '40.20000')",[72.0968],[64.2668],[0.5],[0.5],[0.],[7.9089894],[21.4752],9.969916666666668,3.2483145082197615,2010-08-24
Township of Conewago,"('-76.60000', '40.20000')",Township of East Donegal,"('-76.60000', '40.10000')",[72.167],[64.607],[0.3],[0.3],[0.],[8.998192],[22.1463],14.250716666666667,3.2318965194934566,2010-08-24
Township of East Donegal,"('-76.60000', '40.10000')",Township of Rapho,"('-76.50000', '40.10000')",[72.284],[64.544],[0.3],[0.3],[0.],[8.998192],[22.1463],14.733516666666667,3.237804308527483,2010-08-24
Township of Rapho,"('-76.50000', '40.10000')",Township of East Hempfield,"('-76.40000', '40.10000')",[71.921295],[64.2713],[0.3],[0.3],[0.],[8.998192],[22.1463],12.387283333333333,3.24698090348541,2010-08-24
Township of East Hempfield,"('-76.40000', '40.10000')",Township of Manheim,"('-76.30000', '40.10000')",[71.847496],[64.197495],[0.],[0.],[0.],[8.908766],[23.2648],11.5344,3.2385580951106774,2010-08-24
Township of Manheim,"('-76.30000', '40.10000')",West Lampeter,"('-76.30000', '40.00000')",[72.260605],[64.7906],[0.],[0.],[0.],[8.908766],[23.2648],16.674883333333334,3.2203552951086185,2010-08-24
Township of Susquehanna,"('-76.90000', '40.30000')",Township of Lower Paxton,"('-76.80000', '40.30000')",[55.3019],[45.4019],[0.],[0.],[0.],[11.417469],[23.4885],10.849416666666666,5.168495464241583,2021-11-01
Township of Lower Paxton,"('-76.80000', '40.30000')",Township of Fairview,"('-76.80000', '40.20000')",[55.8401],[46.3901],[0.],[0.],[0.],[10.73993],[24.8307],24.443733333333334,5.088607650942779,2021-11-01
Township of Fairview,"('-76.80000', '40.20000')",Township of Londonderry,"('-76.70000', '40.20000')",[55.477398],[46.0274],[0.],[0.],[0.],[10.73993],[24.8307],20.936483333333335,5.1153261796569875,2021-11-01
Township of Londonderry,"('-76.70000', '40.20000')",Township of Conewago,"('-76.60000', '40.20000')",[55.1768],[46.3568],[0.],[0.],[0.],[11.364753],[26.620298],9.969916666666668,5.014282474313618,2021-11-01
Township of Conewago,"('-76.60000', '40.20000')",Township of East Donegal,"('-76.60000', '40.10000')",[55.822098],[47.182102],[0.],[0.],[0.],[11.184999],[23.9359],14.250716666666667,4.902238011118416,2021-11-01
Township of East Donegal,"('-76.60000', '40.10000')",Township of Rapho,"('-76.50000', '40.10000')",[55.9391],[47.8391],[0.],[0.],[0.],[11.912944],[25.501799],14.733516666666667,4.809353643141742,2021-11-01
Township of Rapho,"('-76.50000', '40.10000')",Township of East Hempfield,"('-76.40000', '40.10000')",[55.8779],[47.5079],[0.],[0.],[0.],[12.22393],[25.278101],12.387283333333333,4.848405376097577,2021-11-01
Township of East Hempfield,"('-76.40000', '40.10000')",Township of Manheim,"('-76.30000', '40.10000')",[56.0273],[47.3873],[0.],[0.],[0.],[11.602247],[24.159601],11.5344,4.8634499727840685,2021-11-01
Township of Manheim,"('-76.30000', '40.10000')",West Lampeter,"('-76.30000', '40.00000')",[56.271202],[47.1812],[0.],[0.],[0.],[12.402748],[26.1729],16.674883333333334,4.913071965231771,2021-11-01
Township of Susquehanna,"('-76.90000', '40.30000')",Township of Lower Paxton,"('-76.80000', '40.30000')",[71.8619],[44.4119],[0.],[0.],[0.],[7.327669],[16.7775],10.849416666666666,5.336434422311587,2022-05-10
Township of Lower Paxton,"('-76.80000', '40.30000')",Township of Fairview,"('-76.80000', '40.20000')",[70.7801],[43.6901],[0.],[0.],[0.],[7.8804655],[18.5671],24.443733333333334,5.543443129919394,2022-05-10
Township of Fairview,"('-76.80000', '40.20000')",Township of Londonderry,"('-76.70000', '40.20000')",[70.417404],[43.3274],[0.],[0.],[0.],[7.8804655],[18.5671],20.936483333333335,5.58100194683355,2022-05-10
Township of Londonderry,"('-76.70000', '40.20000')",Township of Conewago,"('-76.60000', '40.20000')",[70.386795],[43.2068],[0.],[0.],[0.],[8.420753],[20.3567],9.969916666666668,5.55426071292197,2022-05-10
Township of Conewago,"('-76.60000', '40.20000')",Township of East Donegal,"('-76.60000', '40.10000')",[70.6721],[43.6721],[0.],[0.],[0.],[8.105845],[18.3434],14.250716666666667,5.479762246404503,2022-05-10
Township of East Donegal,"('-76.60000', '40.10000')",Township of Rapho,"('-76.50000', '40.10000')",[70.2491],[44.0591],[0.],[0.],[0.],[8.518242],[19.6856],14.733516666666667,5.411374978326446,2022-05-10
Township of Rapho,"('-76.50000', '40.10000')",Township of East Hempfield,"('-76.40000', '40.10000')",[69.7379],[43.4579],[0.],[0.],[0.],[9.083983],[20.3567],12.387283333333333,5.5130981292442165,2022-05-10
Township of East Hempfield,"('-76.40000', '40.10000')",Township of Manheim,"('-76.30000', '40.10000')",[69.977295],[43.157303],[0.],[0.],[0.],[9.083983],[20.3567],11.5344,5.567374850916382,2022-05-10
Township of Manheim,"('-76.30000', '40.10000')",West Lampeter,"('-76.30000', '40.00000')",[70.491196],[42.951202],[0.],[0.],[0.],[8.704201],[19.9093],16.674883333333334,5.626411467133879,2022-05-10
Township of Susquehanna,"('-76.90000', '40.30000')",Township of Lower Paxton,"('-76.80000', '40.30000')",[82.3919],[69.0719],[0.9000001],[0.9000001],[0.],[5.6944723],[16.7775],10.849416666666666,2.9805973496541527,2019-08-01
Township of Lower Paxton,"('-76.80000', '40.30000')",Township of Fairview,"('-76.80000', '40.20000')",[83.8301],[69.0701],[1.7],[1.7],[0.],[5.8547893],[15.659],24.443733333333334,3.084349999622703,2019-08-01
Township of Fairview,"('-76.80000', '40.20000')",Township of Londonderry,"('-76.70000', '40.20000')",[83.4674],[68.7074],[1.7],[1.7],[0.],[5.8547893],[15.659],20.936483333333335,3.074299636770894,2019-08-01
Township of Londonderry,"('-76.70000', '40.20000')",Township of Conewago,"('-76.60000', '40.20000')",[82.7168],[68.6768],[0.9000001],[0.9000001],[0.],[7.546353],[20.3567],9.969916666666668,3.000100800155695,2019-08-01
Township of Conewago,"('-76.60000', '40.20000')",Township of East Donegal,"('-76.60000', '40.10000')",[82.6421],[69.5021],[1.4],[1.4],[0.],[4.2737823],[13.422],14.250716666666667,2.984300285848005,2019-08-01
Township of East Donegal,"('-76.60000', '40.10000')",Township of Rapho,"('-76.50000', '40.10000')",[83.2091],[69.8891],[2.5],[2.5],[0.],[5.0020843],[15.2116],14.733516666666667,3.001106302985343,2019-08-01
Township of Rapho,"('-76.50000', '40.10000')",Township of East Hempfield,"('-76.40000', '40.10000')",[82.3379],[69.2879],[1.8],[1.8],[0.],[4.1610603],[10.9613],12.387283333333333,3.0024435296682386,2019-08-01
Township of East Hempfield,"('-76.40000', '40.10000')",Township of Manheim,"('-76.30000', '40.10000')",[81.4973],[67.9973],[2.6],[2.6],[0.],[4.2737823],[10.0665],11.5344,3.0981264393389933,2019-08-01
Township of Manheim,"('-76.30000', '40.10000')",West Lampeter,"('-76.30000', '40.00000')",[82.6412],[69.411194],[2.3],[2.3],[0.],[4.9264817],[13.869399],16.674883333333334,3.0291000923739917,2019-08-01
start city name,start city coordinates,intermediate city name,intermediate city coordinates,daily_temperature_2m_max,daily_temperature_2m_min,daily_precipitation_sum,daily_rain_sum,daily_snowfall_sum,daily_wind_speed_10m_max,daily_wind_gusts_10m_max,time(minutes),risk_factor,date
Township of Susquehanna,"('-76.90000', '40.30000')",Township of Lower Paxton,"('-76.80000', '40.30000')",[52.34],[33.71],[0.70000005],[0.4],[0.35],[14.220354],[36.463097],10.849416666666666,8.292677576104492,2015-03-30
Township of Lower Paxton,"('-76.80000', '40.30000')",Township of Fairview,"('-76.80000', '40.20000')",[53.026703],[34.8467],[0.70000005],[0.4],[0.35],[14.220354],[36.463097],24.443733333333334,7.918534993492885,2015-03-30
Township of Fairview,"('-76.80000', '40.20000')",Township of Londonderry,"('-76.70000', '40.20000')",[52.574],[34.304],[0.70000005],[0.4],[0.35],[14.220354],[36.463097],20.936483333333335,8.09793719775704,2015-03-30
Township of Londonderry,"('-76.70000', '40.20000')",Township of Conewago,"('-76.60000', '40.20000')",[52.2968],[33.6668],[0.8],[0.3],[0.49],[14.360424],[35.3446],9.969916666666668,8.318058438957033,2015-03-30
Township of Conewago,"('-76.60000', '40.20000')",Township of East Donegal,"('-76.60000', '40.10000')",[52.817],[34.277],[0.5],[0.],[0.42],[14.6279955],[34.2261],14.250716666666667,8.053820650756563,2015-03-30
Township of East Donegal,"('-76.60000', '40.10000')",Township of Rapho,"('-76.50000', '40.10000')",[52.753998],[34.214],[0.5],[0.],[0.42],[14.6279955],[34.2261],14.733516666666667,8.080763129620355,2015-03-30
Township of Rapho,"('-76.50000', '40.10000')",Township of East Hempfield,"('-76.40000', '40.10000')",[52.3913],[33.7613],[0.5],[0.],[0.42],[14.6279955],[34.2261],12.387283333333333,8.25710979277131,2015-03-30
Township of East Hempfield,"('-76.40000', '40.10000')",Township of Manheim,"('-76.30000', '40.10000')",[52.2275],[33.5075],[0.7],[0.],[0.56],[14.5405],[34.0024],11.5344,8.38039433056589,2015-03-30
Township of Manheim,"('-76.30000', '40.10000')",West Lampeter,"('-76.30000', '40.00000')",[53.0906],[34.1006],[0.7],[0.],[0.56],[14.5405],[34.0024],16.674883333333334,8.152934073343678,2015-03-30
Township of Susquehanna,"('-76.90000', '40.30000')",Township of Lower Paxton,"('-76.80000', '40.30000')",[45.23],[35.87],[0.],[0.],[0.],[12.986166],[28.186201],10.849416666666666,7.416979933349355,2010-11-24
Township of Lower Paxton,"('-76.80000', '40.30000')",Township of Fairview,"('-76.80000', '40.20000')",[45.646698],[36.6467],[0.],[0.],[0.],[12.986166],[28.186201],24.443733333333334,7.240438705273499,2010-11-24
Township of Fairview,"('-76.80000', '40.20000')",Township of Londonderry,"('-76.70000', '40.20000')",[45.194],[36.374],[0.],[0.],[0.],[12.986166],[28.186201],20.936483333333335,7.297704275870609,2010-11-24
Township of Londonderry,"('-76.70000', '40.20000')",Township of Conewago,"('-76.60000', '40.20000')",[45.006798],[36.0068],[0.],[0.],[0.],[13.347224],[28.409899],9.969916666666668,7.368967416076177,2010-11-24
Township of Conewago,"('-76.60000', '40.20000')",Township of East Donegal,"('-76.60000', '40.10000')",[45.167],[36.347],[0.],[0.],[0.],[13.490798],[27.5151],14.250716666666667,7.269383187132162,2010-11-24
Township of East Donegal,"('-76.60000', '40.10000')",Township of Rapho,"('-76.50000', '40.10000')",[45.374],[36.554],[0.],[0.],[0.],[13.490798],[27.5151],14.733516666666667,7.204753361317457,2010-11-24
Township of Rapho,"('-76.50000', '40.10000')",Township of East Hempfield,"('-76.40000', '40.10000')",[45.1913],[36.4613],[0.],[0.],[0.],[13.490798],[27.5151],12.387283333333333,7.226130004168258,2010-11-24
Township of East Hempfield,"('-76.40000', '40.10000')",Township of Manheim,"('-76.30000', '40.10000')",[45.2975],[36.4775],[0.],[0.],[0.],[13.52044],[28.186201],11.5344,7.218512302395904,2010-11-24
Township of Manheim,"('-76.30000', '40.10000')",West Lampeter,"('-76.30000', '40.00000')",[45.9806],[37.1606],[0.],[0.],[0.],[13.52044],[28.186201],16.674883333333334,7.025426770866126,2010-11-24
Township of Susquehanna,"('-76.90000', '40.30000')",Township of Lower Paxton,"('-76.80000', '40.30000')",[85.01],[62.87],[0.],[0.],[0.],[8.405883],[12.3035],10.849416666666666,3.3244893636929262,2016-06-01
Township of Lower Paxton,"('-76.80000', '40.30000')",Township of Fairview,"('-76.80000', '40.20000')",[85.1567],[61.8467],[0.],[0.],[0.],[8.405883],[12.3035],24.443733333333334,3.4728927150184954,2016-06-01
Township of Fairview,"('-76.80000', '40.20000')",Township of Londonderry,"('-76.70000', '40.20000')",[84.974],[62.473995],[0.],[0.],[0.],[8.405883],[12.3035],20.936483333333335,3.399155492412108,2016-06-01
Township of Londonderry,"('-76.70000', '40.20000')",Township of Conewago,"('-76.60000', '40.20000')",[84.7868],[62.466797],[0.],[0.],[0.],[8.003335],[13.422],9.969916666666668,3.350101378164387,2016-06-01
Township of Conewago,"('-76.60000', '40.20000')",Township of East Donegal,"('-76.60000', '40.10000')",[84.767],[62.987],[0.],[0.],[0.],[8.634936],[14.9879],14.250716666666667,3.3270878685615233,2016-06-01
Township of East Donegal,"('-76.60000', '40.10000')",Township of Rapho,"('-76.50000', '40.10000')",[84.883995],[64.004],[0.],[0.],[0.],[8.634936],[14.9879],14.733516666666667,3.2617332238360324,2016-06-01
Township of Rapho,"('-76.50000', '40.10000')",Township of East Hempfield,"('-76.40000', '40.10000')",[84.7913],[64.6313],[0.],[0.],[0.],[8.634936],[14.9879],12.387283333333333,3.2133263422012366,2016-06-01
Township of East Hempfield,"('-76.40000', '40.10000')",Township of Manheim,"('-76.30000', '40.10000')",[84.8075],[64.8275],[0.],[0.],[0.],[8.142803],[14.093101],11.5344,3.1985564230336365,2016-06-01
Township of Manheim,"('-76.30000', '40.10000')",West Lampeter,"('-76.30000', '40.00000')",[85.0406],[65.6006],[0.],[0.],[0.],[8.142803],[14.093101],16.674883333333334,3.170287255348484,2016-06-01
Township of Susquehanna,"('-76.90000', '40.30000')",Township of Lower Paxton,"('-76.80000', '40.30000')",[56.0219],[33.7019],[0.],[0.],[0.],[7.3854885],[16.5538],10.849416666666666,8.23212917822726,2023-11-15
Township of Lower Paxton,"('-76.80000', '40.30000')",Township of Fairview,"('-76.80000', '40.20000')",[56.920097],[33.2501],[0.],[0.],[0.],[7.546353],[15.2116],24.443733333333334,8.502620241699352,2023-11-15
Township of Fairview,"('-76.80000', '40.20000')",Township of Londonderry,"('-76.70000', '40.20000')",[56.5574],[32.8874],[0.],[0.],[0.],[7.546353],[15.2116],20.936483333333335,8.634303341411721,2023-11-15
Township of Londonderry,"('-76.70000', '40.20000')",Township of Conewago,"('-76.60000', '40.20000')",[55.7168],[33.6668],[0.],[0.],[0.],[7.6876025],[17.0012],9.969916666666668,8.244838600696825,2023-11-15
Township of Conewago,"('-76.60000', '40.20000')",Township of East Donegal,"('-76.60000', '40.10000')",[56.3621],[35.0321],[0.],[0.],[0.],[7.1897893],[16.330101],14.250716666666667,7.722599645911943,2023-11-15
Township of East Donegal,"('-76.60000', '40.10000')",Township of Rapho,"('-76.50000', '40.10000')",[56.2091],[34.1591],[0.],[0.],[0.],[7.395645],[16.5538],14.733516666666667,8.058065467597741,2023-11-15
Township of Rapho,"('-76.50000', '40.10000')",Township of East Hempfield,"('-76.40000', '40.10000')",[55.6079],[32.2979],[0.],[0.],[0.],[7.3854885],[15.8827],12.387283333333333,8.867199064449427,2023-11-15
Township of East Hempfield,"('-76.40000', '40.10000')",Township of Manheim,"('-76.30000', '40.10000')",[55.2173],[31.4573],[0.],[0.],[0.],[7.3854885],[15.8827],11.5344,9.291090823634006,2023-11-15
Township of Manheim,"('-76.30000', '40.10000')",West Lampeter,"('-76.30000', '40.00000')",[55.5512],[34.4012],[0.],[0.],[0.],[8.992629],[17.4486],16.674883333333334,7.971498576815573,2023-11-15
Township of Susquehanna,"('-76.90000', '40.30000')",Township of Lower Paxton,"('-76.80000', '40.30000')",[80.5019],[61.6019],[0.1],[0.1],[0.],[9.182606],[22.1463],10.849416666666666,3.416579156703744,2021-05-27
Township of Lower Paxton,"('-76.80000', '40.30000')",Township of Fairview,"('-76.80000', '40.20000')",[80.5001],[62.2301],[0.1],[0.1],[0.],[9.309791],[21.2515],24.443733333333334,3.449709665220671,2021-05-27
Township of Fairview,"('-76.80000', '40.20000')",Township of Londonderry,"('-76.70000', '40.20000')",[80.1374],[61.8674],[0.1],[0.1],[0.],[9.309791],[21.2515],20.936483333333335,3.4452669635630198,2021-05-27
Township of Londonderry,"('-76.70000', '40.20000')",Township of Conewago,"('-76.60000', '40.20000')",[80.2868],[61.9268],[0.2],[0.2],[0.],[10.167897],[23.9359],9.969916666666668,3.3952731261835396,2021-05-27
Township of Conewago,"('-76.60000', '40.20000')",Township of East Donegal,"('-76.60000', '40.10000')",[80.9321],[62.2121],[0.1],[0.1],[0.],[10.321762],[21.0278],14.250716666666667,3.383973780304353,2021-05-27
Township of East Donegal,"('-76.60000', '40.10000')",Township of Rapho,"('-76.50000', '40.10000')",[80.8691],[63.0491],[0.1],[0.1],[0.],[10.73993],[21.9226],14.733516666666667,3.328475018086838,2021-05-27
Township of Rapho,"('-76.50000', '40.10000')",Township of East Hempfield,"('-76.40000', '40.10000')",[80.4479],[63.1679],[0.],[0.],[0.],[10.341136],[22.1463],12.387283333333333,3.308557232143639,2021-05-27
Township of East Hempfield,"('-76.40000', '40.10000')",Township of Manheim,"('-76.30000', '40.10000')",[80.8673],[62.9573],[0.],[0.],[0.],[9.928853],[22.369999],11.5344,3.320311516439876,2021-05-27
Township of Manheim,"('-76.30000', '40.10000')",West Lampeter,"('-76.30000', '40.00000')",[81.021194],[63.8312],[0.],[0.],[0.],[9.678741],[21.6989],16.674883333333334,3.281764265890509,2021-05-27
Township of Susquehanna,"('-76.90000', '40.30000')",Township of Lower Paxton,"('-76.80000', '40.30000')",[22.1819],[12.371899],[0.],[0.],[0.],[10.4278755],[21.6989],10.849416666666666,-99.49283296051513,2022-01-15
Township of Lower Paxton,"('-76.80000', '40.30000')",Township of Fairview,"('-76.80000', '40.20000')",[23.3501],[13.7200985],[0.],[0.],[0.],[11.615179],[26.1729],24.443733333333334,-578.6879448349463,2022-01-15
Township of Fairview,"('-76.80000', '40.20000')",Township of Londonderry,"('-76.70000', '40.20000')",[22.9874],[13.357399],[0.],[0.],[0.],[11.615179],[26.1729],20.936483333333335,-252.04328546078608,2022-01-15
Township of Londonderry,"('-76.70000', '40.20000')",Township of Conewago,"('-76.60000', '40.20000')",[22.5968],[12.966801],[0.],[0.],[0.],[12.521207],[27.291399],9.969916666666668,-156.7869228337924,2022-01-15
Township of Conewago,"('-76.60000', '40.20000')",Township of East Donegal,"('-76.60000', '40.10000')",[22.8821],[13.702101],[0.],[0.],[0.],[12.521207],[26.620298],14.250716666666667,-543.7879345180572,2022-01-15
Township of East Donegal,"('-76.60000', '40.10000')",Township of Rapho,"('-76.50000', '40.10000')",[23.2691],[13.819099],[0.],[0.],[0.],[12.961094],[27.5151],14.733516666666667,-895.4975556284255,2022-01-15
Township of Rapho,"('-76.50000', '40.10000')",Township of East Hempfield,"('-76.40000', '40.10000')",[23.387901],[13.667898],[0.],[0.],[0.],[12.424918],[26.3966],12.387283333333333,-487.78847733397026,2022-01-15
Township of East Hempfield,"('-76.40000', '40.10000')",Township of Manheim,"('-76.30000', '40.10000')",[23.5373],[13.6373005],[0.],[0.],[0.],[11.13343],[23.2648],11.5344,-446.63942373793356,2022-01-15
Township of Manheim,"('-76.30000', '40.10000')",West Lampeter,"('-76.30000', '40.00000')",[23.6012],[14.6012],[0.],[0.],[0.],[13.129875],[25.949202],16.674883333333334,269.49182028884155,2022-01-15
Township of Susquehanna,"('-76.90000', '40.30000')",Township of Lower Paxton,"('-76.80000', '40.30000')",[74.3],[59.09],[1.6999999],[1.6999999],[0.],[11.049965],[31.0943],10.849416666666666,3.670250791640676,2012-09-26
Township of Lower Paxton,"('-76.80000', '40.30000')",Township of Fairview,"('-76.80000', '40.20000')",[75.6167],[59.9567],[1.6999999],[1.6999999],[0.],[11.049965],[31.0943],24.443733333333334,3.678720929502953,2012-09-26
Township of Fairview,"('-76.80000', '40.20000')",Township of Londonderry,"('-76.70000', '40.20000')",[75.344],[59.414],[1.6999999],[1.6999999],[0.],[11.049965],[31.0943],20.936483333333335,3.691719299342565,2012-09-26
Township of Londonderry,"('-76.70000', '40.20000')",Township of Conewago,"('-76.60000', '40.20000')",[75.1568],[58.9568],[2.3000002],[2.3000002],[0.],[10.016665],[28.8573],9.969916666666668,3.703154771529534,2012-09-26
Township of Conewago,"('-76.60000', '40.20000')",Township of East Donegal,"('-76.60000', '40.10000')",[76.217],[59.476997],[1.9000001],[1.9000001],[0.],[12.207545],[27.738798],14.250716666666667,3.6575313361223176,2012-09-26
Township of East Donegal,"('-76.60000', '40.10000')",Township of Rapho,"('-76.50000', '40.10000')",[76.423996],[59.504],[1.9000001],[1.9000001],[0.],[12.207545],[27.738798],14.733516666666667,3.6572769454251266,2012-09-26
Township of Rapho,"('-76.50000', '40.10000')",Township of East Hempfield,"('-76.40000', '40.10000')",[76.3313],[59.2313],[1.9000001],[1.9000001],[0.],[12.207545],[27.738798],12.387283333333333,3.670926590656154,2012-09-26
Township of East Hempfield,"('-76.40000', '40.10000')",Township of Manheim,"('-76.30000', '40.10000')",[76.347496],[59.067497],[2.8000004],[2.8000004],[0.],[12.170595],[26.620298],11.5344,3.7177459712597973,2012-09-26
Township of Manheim,"('-76.30000', '40.10000')",West Lampeter,"('-76.30000', '40.00000')",[77.4806],[59.8406],[2.8000004],[2.8000004],[0.],[12.170595],[26.620298],16.674883333333334,3.6747204039311208,2012-09-26
Township of Susquehanna,"('-76.90000', '40.30000')",Township of Lower Paxton,"('-76.80000', '40.30000')",[89.96001],[72.41],[11.9],[11.9],[0.],[6.4873004],[16.7775],10.849416666666666,3.1497876720198237,2012-07-19
Township of Lower Paxton,"('-76.80000', '40.30000')",Township of Fairview,"('-76.80000', '40.20000')",[90.5567],[73.456696],[11.9],[11.9],[0.],[6.4873004],[16.7775],24.443733333333334,3.1720134827356103,2012-07-19
Township of Fairview,"('-76.80000', '40.20000')",Township of Londonderry,"('-76.70000', '40.20000')",[90.104004],[72.734],[11.9],[11.9],[0.],[6.4873004],[16.7775],20.936483333333335,3.1800503599426864,2012-07-19
Township of Londonderry,"('-76.70000', '40.20000')",Township of Conewago,"('-76.60000', '40.20000')",[89.9168],[72.7268],[9.099999],[9.099999],[0.],[7.395645],[18.119701],9.969916666666668,3.0450617434281932,2012-07-19
Township of Conewago,"('-76.60000', '40.20000')",Township of East Donegal,"('-76.60000', '40.10000')",[89.80699],[74.237],[7.],[7.],[0.],[8.352132],[16.1064],14.250716666666667,2.9186387674543295,2012-07-19
Township of East Donegal,"('-76.60000', '40.10000')",Township of Rapho,"('-76.50000', '40.10000')",[90.104004],[74.354],[7.],[7.],[0.],[8.352132],[16.1064],14.733516666666667,2.914924142154706,2012-07-19
Township of Rapho,"('-76.50000', '40.10000')",Township of East Hempfield,"('-76.40000', '40.10000')",[90.1013],[73.991295],[7.],[7.],[0.],[8.352132],[16.1064],12.387283333333333,2.924146894183878,2012-07-19
Township of East Hempfield,"('-76.40000', '40.10000')",Township of Manheim,"('-76.30000', '40.10000')",[90.027504],[73.7375],[5.],[5.],[0.],[8.468161],[17.2249],11.5344,2.8738287829986473,2012-07-19
Township of Manheim,"('-76.30000', '40.10000')",West Lampeter,"('-76.30000', '40.00000')",[90.8906],[74.7806],[5.],[5.],[0.],[8.468161],[17.2249],16.674883333333334,2.8441865766835246,2012-07-19
Township of Susquehanna,"('-76.90000', '40.30000')",Township of Lower Paxton,"('-76.80000', '40.30000')",[37.5719],[25.0619],[2.5],[0.1],[1.6800001],[10.606305],[21.6989],10.849416666666666,15.061237091929359,2021-02-19
Township of Lower Paxton,"('-76.80000', '40.30000')",Township of Fairview,"('-76.80000', '40.20000')",[37.120102],[25.420101],[2.9999998],[0.],[2.1],[10.516279],[22.369999],24.443733333333334,14.745443165184243,2021-02-19
Township of Fairview,"('-76.80000', '40.20000')",Township of Londonderry,"('-76.70000', '40.20000')",[36.7574],[25.0574],[2.9999998],[0.],[2.1],[10.516279],[22.369999],20.936483333333335,15.196340503592522,2021-02-19
Township of Londonderry,"('-76.70000', '40.20000')",Township of Conewago,"('-76.60000', '40.20000')",[35.1068],[24.5768],[3.4999998],[0.],[2.4499998],[10.711936],[23.7122],9.969916666666668,15.919792952213161,2021-02-19
Township of Conewago,"('-76.60000', '40.20000')",Township of East Donegal,"('-76.60000', '40.10000')",[34.5821],[25.042099],[3.6],[0.],[2.52],[10.321762],[21.0278],14.250716666666667,15.278056621417289,2021-02-19
Township of East Donegal,"('-76.60000', '40.10000')",Township of Rapho,"('-76.50000', '40.10000')",[33.9791],[24.9791],[4.1],[0.10000001],[2.7999997],[11.106429],[22.369999],14.733516666666667,15.449487322596587,2021-02-19
Township of Rapho,"('-76.50000', '40.10000')",Township of East Hempfield,"('-76.40000', '40.10000')",[33.9179],[24.9179],[4.2999997],[0.],[3.08],[10.908673],[21.4752],12.387283333333333,15.560670306056522,2021-02-19
Township of East Hempfield,"('-76.40000', '40.10000')",Township of Manheim,"('-76.30000', '40.10000')",[32.5373],[24.9773],[4.5],[0.09999999],[3.08],[10.321762],[20.133],11.5344,15.506918155276194,2021-02-19
Township of Manheim,"('-76.30000', '40.10000')",West Lampeter,"('-76.30000', '40.00000')",[33.3212],[25.6712],[4.8999996],[0.19999999],[3.29],[11.788374],[23.7122],16.674883333333334,14.666816287695163,2021-02-19
Township of Susquehanna,"('-76.90000', '40.30000')",Township of Lower Paxton,"('-76.80000', '40.30000')",[95.2619],[76.4519],[0.5],[0.5],[0.],[9.71229],[24.159601],10.849416666666666,2.6179797337160537,2019-07-21
Township of Lower Paxton,"('-76.80000', '40.30000')",Township of Fairview,"('-76.80000', '40.20000')",[94.990105],[76.9901],[1.5999999],[1.5999999],[0.],[8.770067],[21.2515],24.443733333333334,2.70463349278089,2019-07-21
Township of Fairview,"('-76.80000', '40.20000')",Township of Londonderry,"('-76.70000', '40.20000')",[94.6274],[76.627396],[1.5999999],[1.5999999],[0.],[8.770067],[21.2515],20.936483333333335,2.6898710478989503,2019-07-21
Township of Londonderry,"('-76.70000', '40.20000')",Township of Conewago,"('-76.60000', '40.20000')",[94.5968],[76.5068],[1.2],[1.2],[0.],[8.643624],[23.4885],9.969916666666668,2.63388127473412,2019-07-21
Township of Conewago,"('-76.60000', '40.20000')",Township of East Donegal,"('-76.60000', '40.10000')",[95.6021],[76.7921],[2.3],[2.3],[0.],[8.701326],[21.0278],14.250716666666667,2.665962302274219,2019-07-21
Township of East Donegal,"('-76.60000', '40.10000')",Township of Rapho,"('-76.50000', '40.10000')",[95.53911],[77.269104],[1.7],[1.7],[0.],[9.127948],[21.4752],14.733516666666667,2.6308485529951313,2019-07-21
Township of Rapho,"('-76.50000', '40.10000')",Township of East Hempfield,"('-76.40000', '40.10000')",[94.937904],[76.757904],[1.],[1.],[0.],[8.518242],[22.1463],12.387283333333333,2.6237544374442576,2019-07-21
Township of East Hempfield,"('-76.40000', '40.10000')",Township of Manheim,"('-76.30000', '40.10000')",[94.9073],[75.8273],[0.70000005],[0.70000005],[0.],[7.9939504],[22.5937],11.5344,2.6518864488617684,2019-07-21
Township of Manheim,"('-76.30000', '40.10000')",West Lampeter,"('-76.30000', '40.00000')",[95.6012],[77.8712],[0.70000005],[0.70000005],[0.],[8.420753],[20.580399],16.674883333333334,2.5868705433283057,2019-07-21
Township of Susquehanna,"('-76.90000', '40.30000')",Township of Lower Paxton,"('-76.80000', '40.30000')",[79.2419],[50.5319],[0.],[0.],[0.],[6.0852976],[13.6456995],10.849416666666666,4.444052896302624,2023-05-27
Township of Lower Paxton,"('-76.80000', '40.30000')",Township of Fairview,"('-76.80000', '40.20000')",[77.5301],[50.2601],[0.],[0.],[0.],[7.8263035],[14.5405],24.443733333333334,4.554799741036441,2023-05-27
Township of Fairview,"('-76.80000', '40.20000')",Township of Londonderry,"('-76.70000', '40.20000')",[77.167404],[49.8974],[0.],[0.],[0.],[7.8263035],[14.5405],20.936483333333335,4.570019058077062,2023-05-27
Township of Londonderry,"('-76.70000', '40.20000')",Township of Conewago,"('-76.60000', '40.20000')",[78.0368],[48.9668],[0.],[0.],[0.],[6.7035394],[14.764199],9.969916666666668,4.640572955655453,2023-05-27
Township of Conewago,"('-76.60000', '40.20000')",Township of East Donegal,"('-76.60000', '40.10000')",[77.9621],[52.132103],[0.],[0.],[0.],[7.5031257],[15.8827],14.250716666666667,4.268476841283791,2023-05-27
Township of East Donegal,"('-76.60000', '40.10000')",Township of Rapho,"('-76.50000', '40.10000')",[79.159096],[54.1391],[0.],[0.],[0.],[8.108932],[15.4353],14.733516666666667,4.0579572810643505,2023-05-27
Township of Rapho,"('-76.50000', '40.10000')",Township of East Hempfield,"('-76.40000', '40.10000')",[79.007904],[49.4879],[0.],[0.],[0.],[7.3139977],[15.8827],12.387283333333333,4.578660879631623,2023-05-27
Township of East Hempfield,"('-76.40000', '40.10000')",Township of Manheim,"('-76.30000', '40.10000')",[79.337296],[48.5573],[0.],[0.],[0.],[7.9089894],[17.2249],11.5344,4.699171551292856,2023-05-27
Township of Manheim,"('-76.30000', '40.10000')",West Lampeter,"('-76.30000', '40.00000')",[78.6812],[49.3412],[0.],[0.],[0.],[9.928853],[19.0145],16.674883333333334,4.6146738163264285,2023-05-27
Township of Susquehanna,"('-76.90000', '40.30000')",Township of Lower Paxton,"('-76.80000', '40.30000')",[43.25],[27.68],[13.900001],[13.1],[0.56],[14.833519],[40.7134],10.849416666666666,13.68062456606227,2013-11-27
Township of Lower Paxton,"('-76.80000', '40.30000')",Township of Fairview,"('-76.80000', '40.20000')",[44.9267],[28.1867],[13.900001],[13.1],[0.56],[14.833519],[40.7134],24.443733333333334,13.269848272759743,2013-11-27
Township of Fairview,"('-76.80000', '40.20000')",Township of Londonderry,"('-76.70000', '40.20000')",[45.464],[28.004],[13.900001],[13.1],[0.56],[14.833519],[40.7134],20.936483333333335,13.411913524167256,2013-11-27
Township of Londonderry,"('-76.70000', '40.20000')",Township of Conewago,"('-76.60000', '40.20000')",[46.1768],[27.726799],[15.899999],[15.1],[0.56],[15.71801],[41.6082],9.969916666666668,13.894311127540538,2013-11-27
Township of Conewago,"('-76.60000', '40.20000')",Township of East Donegal,"('-76.60000', '40.10000')",[47.957],[27.977001],[16.800001],[16.1],[0.56],[16.811766],[40.266],14.250716666666667,13.774111464273167,2013-11-27
Township of East Donegal,"('-76.60000', '40.10000')",Township of Rapho,"('-76.50000', '40.10000')",[48.074],[28.274],[16.800001],[16.1],[0.56],[16.811766],[40.266],14.733516666666667,13.489835878466444,2013-11-27
Township of Rapho,"('-76.50000', '40.10000')",Township of East Hempfield,"('-76.40000', '40.10000')",[47.8013],[28.3613],[16.800001],[16.1],[0.56],[16.811766],[40.266],12.387283333333333,13.399700036677816,2013-11-27
Township of East Hempfield,"('-76.40000', '40.10000')",Township of Manheim,"('-76.30000', '40.10000')",[47.6375],[28.5575],[21.],[20.2],[0.63],[16.8073],[39.594902],11.5344,13.736188677881781,2013-11-27
Township of Manheim,"('-76.30000', '40.10000')",West Lampeter,"('-76.30000', '40.00000')",[48.8606],[28.9706],[21.],[20.2],[0.63],[16.8073],[39.594902],16.674883333333334,13.376947306544146,2013-11-27
Township of Susquehanna,"('-76.90000', '40.30000')",Township of Lower Paxton,"('-76.80000', '40.30000')",[40.0019],[25.8719],[0.],[0.],[0.],[5.6103673],[11.4087],10.849416666666666,13.655239022825706,2017-12-21
Township of Lower Paxton,"('-76.80000', '40.30000')",Township of Fairview,"('-76.80000', '40.20000')",[40.9001],[27.3101],[0.],[0.],[0.],[6.219504],[12.079801],24.443733333333334,12.258287008282908,2017-12-21
Township of Fairview,"('-76.80000', '40.20000')",Township of Londonderry,"('-76.70000', '40.20000')",[40.5374],[26.9474],[0.],[0.],[0.],[6.219504],[12.079801],20.936483333333335,12.569322826224193,2017-12-21
Township of Londonderry,"('-76.70000', '40.20000')",Township of Conewago,"('-76.60000', '40.20000')",[40.1468],[26.2868],[0.],[0.],[0.],[6.3350954],[11.184999],9.969916666666668,13.192487842608417,2017-12-21
Township of Conewago,"('-76.60000', '40.20000')",Township of East Donegal,"('-76.60000', '40.10000')",[40.522102],[27.0221],[0.],[0.],[0.],[5.3360767],[10.5139],14.250716666666667,12.460477389632752,2017-12-21
Township of East Donegal,"('-76.60000', '40.10000')",Township of Rapho,"('-76.50000', '40.10000')",[40.189102],[27.049099],[0.],[0.],[0.],[5.733881],[11.4087],14.733516666666667,12.436642528242016,2017-12-21
Township of Rapho,"('-76.50000', '40.10000')",Township of East Hempfield,"('-76.40000', '40.10000')",[39.8579],[26.7179],[0.],[0.],[0.],[6.023307],[12.079801],12.387283333333333,12.751677332609844,2017-12-21
Township of East Hempfield,"('-76.40000', '40.10000')",Township of Manheim,"('-76.30000', '40.10000')",[40.0073],[26.507301],[0.],[0.],[0.],[5.80328],[10.290199],11.5344,12.963739788328969,2017-12-21
Township of Manheim,"('-76.30000', '40.10000')",West Lampeter,"('-76.30000', '40.00000')",[40.0712],[26.9312],[0.],[0.],[0.],[5.8718586],[10.7376],16.674883333333334,12.55862856725108,2017-12-21
Township of Susquehanna,"('-76.90000', '40.30000')",Township of Lower Paxton,"('-76.80000', '40.30000')",[63.4919],[38.9219],[0.1],[0.1],[0.],[9.05087],[23.0411],10.849416666666666,6.517101241853529,2021-05-12
Township of Lower Paxton,"('-76.80000', '40.30000')",Township of Fairview,"('-76.80000', '40.20000')",[63.670097],[40.0901],[0.3],[0.3],[0.],[9.398062],[27.9625],24.443733333333334,6.317028636454988,2021-05-12
Township of Fairview,"('-76.80000', '40.20000')",Township of Londonderry,"('-76.70000', '40.20000')",[63.3074],[39.7274],[0.3],[0.3],[0.],[9.398062],[27.9625],20.936483333333335,6.374934898505524,2021-05-12
Township of Londonderry,"('-76.70000', '40.20000')",Township of Conewago,"('-76.60000', '40.20000')",[62.916798],[39.4268],[0.6],[0.6],[0.],[10.14326],[29.9758],9.969916666666668,6.421312202228321,2021-05-12
Township of Conewago,"('-76.60000', '40.20000')",Township of East Donegal,"('-76.60000', '40.10000')",[63.1121],[40.252098],[0.5],[0.5],[0.],[10.444659],[26.3966],14.250716666666667,6.225306340610531,2021-05-12
Township of East Donegal,"('-76.60000', '40.10000')",Township of Rapho,"('-76.50000', '40.10000')",[63.1391],[40.5491],[0.],[0.],[0.],[10.915552],[25.0544],14.733516666666667,6.123894257196375,2021-05-12
Township of Rapho,"('-76.50000', '40.10000')",Township of East Hempfield,"('-76.40000', '40.10000')",[62.9879],[40.2179],[0.70000005],[0.70000005],[0.],[10.760877],[23.9359],12.387283333333333,6.24076815373108,2021-05-12
Township of East Hempfield,"('-76.40000', '40.10000')",Township of Manheim,"('-76.30000', '40.10000')",[62.9573],[39.9173],[0.4],[0.4],[0.],[9.496058],[23.7122],11.5344,6.289736884882794,2021-05-12
Township of Manheim,"('-76.30000', '40.10000')",West Lampeter,"('-76.30000', '40.00000')",[63.0212],[40.7912],[0.3],[0.3],[0.],[8.998192],[24.383299],16.674883333333334,6.097706733793236,2021-05-12
Township of Susquehanna,"('-76.90000', '40.30000')",Township of Lower Paxton,"('-76.80000', '40.30000')",[66.1919],[45.491898],[0.],[0.],[0.],[6.5792146],[12.3035],10.849416666666666,5.153752490965955,2022-10-16
Township of Lower Paxton,"('-76.80000', '40.30000')",Township of Fairview,"('-76.80000', '40.20000')",[67.3601],[46.120102],[0.],[0.],[0.],[8.984278],[17.896],24.443733333333334,5.130649730971792,2022-10-16
Township of Fairview,"('-76.80000', '40.20000')",Township of Londonderry,"('-76.70000', '40.20000')",[66.9974],[45.7574],[0.],[0.],[0.],[8.984278],[17.896],20.936483333333335,5.158330577579462,2022-10-16
Township of Londonderry,"('-76.70000', '40.20000')",Township of Conewago,"('-76.60000', '40.20000')",[65.886795],[45.006798],[0.],[0.],[0.],[9.196219],[20.580399],9.969916666666668,5.2322676885392125,2022-10-16
Township of Conewago,"('-76.60000', '40.20000')",Township of East Donegal,"('-76.60000', '40.10000')",[66.8921],[46.2821],[0.1],[0.1],[0.],[8.056306],[16.5538],14.250716666666667,5.043924653216615,2022-10-16
Township of East Donegal,"('-76.60000', '40.10000')",Township of Rapho,"('-76.50000', '40.10000')",[66.379105],[46.2191],[0.7],[0.7],[0.],[8.5475645],[17.4486],14.733516666666667,5.0891727578329515,2022-10-16
Township of Rapho,"('-76.50000', '40.10000')",Township of East Hempfield,"('-76.40000', '40.10000')",[65.867905],[45.6179],[0.],[0.],[0.],[7.245256],[17.4486],12.387283333333333,5.137404436982339,2022-10-16
Township of East Hempfield,"('-76.40000', '40.10000')",Township of Manheim,"('-76.30000', '40.10000')",[65.5673],[44.6873],[0.],[0.],[0.],[7.137398],[17.0012],11.5344,5.29036191586865,2022-10-16
Township of Manheim,"('-76.30000', '40.10000')",West Lampeter,"('-76.30000', '40.00000')",[67.161194],[47.3612],[1.4000001],[1.4000001],[0.],[7.4361324],[15.2116],16.674883333333334,4.962266473117262,2022-10-16
Township of Susquehanna,"('-76.90000', '40.30000')",Township of Lower Paxton,"('-76.80000', '40.30000')",[45.4019],[28.8419],[3.9],[3.9],[0.],[6.3153167],[11.8561],10.849416666666666,11.397602108536976,2019-01-04
Township of Lower Paxton,"('-76.80000', '40.30000')",Township of Fairview,"('-76.80000', '40.20000')",[46.6601],[28.8401],[3.1],[3.1],[0.],[6.651079],[14.3168],24.443733333333334,11.379456416338687,2019-01-04
Township of Fairview,"('-76.80000', '40.20000')",Township of Londonderry,"('-76.70000', '40.20000')",[46.2974],[28.4774],[3.1],[3.1],[0.],[6.651079],[14.3168],20.936483333333335,11.63244037196079,2019-01-04
Township of Londonderry,"('-76.70000', '40.20000')",Township of Conewago,"('-76.60000', '40.20000')",[46.3568],[29.5268],[3.1],[3.1],[0.],[6.8035703],[14.764199],9.969916666666668,10.80055834177437,2019-01-04
Township of Conewago,"('-76.60000', '40.20000')",Township of East Donegal,"('-76.60000', '40.10000')",[47.0021],[29.8121],[2.8],[2.8],[0.],[6.219504],[13.869399],14.250716666666667,10.584150076397785,2019-01-04
Township of East Donegal,"('-76.60000', '40.10000')",Township of Rapho,"('-76.50000', '40.10000')",[47.3891],[29.7491],[3.3],[3.3],[0.],[6.109918],[13.869399],14.733516666666667,10.685458920924981,2019-01-04
Township of Rapho,"('-76.50000', '40.10000')",Township of East Hempfield,"('-76.40000', '40.10000')",[47.3279],[28.8779],[3.8],[3.8],[0.],[6.023307],[14.3168],12.387283333333333,11.362101039897915,2019-01-04
Township of East Hempfield,"('-76.40000', '40.10000')",Township of Manheim,"('-76.30000', '40.10000')",[47.2973],[28.2173],[3.9],[3.9],[0.],[6.023307],[14.3168],11.5344,11.89963828159584,2019-01-04
Township of Manheim,"('-76.30000', '40.10000')",West Lampeter,"('-76.30000', '40.00000')",[47.451202],[31.6112],[3.1],[3.1],[0.],[7.2831445],[16.5538],16.674883333333334,9.546324329004943,2019-01-04
Township of Susquehanna,"('-76.90000', '40.30000')",Township of Lower Paxton,"('-76.80000', '40.30000')",[72.7619],[47.2919],[0.],[0.],[0.],[7.6058],[17.4486],10.849416666666666,4.875620569673457,2017-10-19
Township of Lower Paxton,"('-76.80000', '40.30000')",Township of Fairview,"('-76.80000', '40.20000')",[72.2201],[48.4601],[0.],[0.],[0.],[8.133579],[17.2249],24.443733333333334,4.788168507772361,2017-10-19
Township of Fairview,"('-76.80000', '40.20000')",Township of Londonderry,"('-76.70000', '40.20000')",[71.8574],[48.0974],[0.],[0.],[0.],[8.133579],[17.2249],20.936483333333335,4.808252688818972,2017-10-19
Township of Londonderry,"('-76.70000', '40.20000')",Township of Conewago,"('-76.60000', '40.20000')",[71.0168],[48.3368],[0.],[0.],[0.],[8.750073],[19.0145],9.969916666666668,4.725577195529173,2017-10-19
Township of Conewago,"('-76.60000', '40.20000')",Township of East Donegal,"('-76.60000', '40.10000')",[71.2121],[48.8021],[0.],[0.],[0.],[7.618947],[17.2249],14.250716666666667,4.674979382644363,2017-10-19
Township of East Donegal,"('-76.60000', '40.10000')",Township of Rapho,"('-76.50000', '40.10000')",[71.4191],[49.5491],[0.],[0.],[0.],[7.6973605],[17.4486],14.733516666666667,4.579069787334413,2017-10-19
Township of Rapho,"('-76.50000', '40.10000')",Township of East Hempfield,"('-76.40000', '40.10000')",[71.3579],[47.6879],[0.],[0.],[0.],[7.4764],[16.7775],12.387283333333333,4.822572836965373,2017-10-19
Township of East Hempfield,"('-76.40000', '40.10000')",Township of Manheim,"('-76.30000', '40.10000')",[71.1473],[46.847298],[0.],[0.],[0.],[7.137398],[16.330101],11.5344,4.943217950780283,2017-10-19
Township of Manheim,"('-76.30000', '40.10000')",West Lampeter,"('-76.30000', '40.00000')",[71.2112],[49.4312],[0.],[0.],[0.],[8.352132],[17.2249],16.674883333333334,4.603030607144951,2017-10-19
Township of Susquehanna,"('-76.90000', '40.30000')",Township of Lower Paxton,"('-76.80000', '40.30000')",[39.56],[28.58],[1.7],[0.1],[1.12],[10.263418],[22.5937],10.849416666666666,11.330559883617537,2015-01-25
Township of Lower Paxton,"('-76.80000', '40.30000')",Township of Fairview,"('-76.80000', '40.20000')",[40.1567],[29.5367],[1.7],[0.1],[1.12],[10.263418],[22.5937],24.443733333333334,10.710957330647446,2015-01-25
Township of Fairview,"('-76.80000', '40.20000')",Township of Londonderry,"('-76.70000', '40.20000')",[40.244],[29.084],[1.7],[0.1],[1.12],[10.263418],[22.5937],20.936483333333335,10.999878425163216,2015-01-25
Township of Londonderry,"('-76.70000', '40.20000')",Township of Conewago,"('-76.60000', '40.20000')",[40.506798],[28.6268],[1.3000001],[0.1],[0.84000003],[10.20229],[24.383299],9.969916666666668,11.243146756591738,2015-01-25
Township of Conewago,"('-76.60000', '40.20000')",Township of East Donegal,"('-76.60000', '40.10000')",[41.387],[29.237],[1.8],[0.5],[0.90999997],[11.187237],[24.8307],14.250716666666667,10.864742820752431,2015-01-25
Township of East Donegal,"('-76.60000', '40.10000')",Township of Rapho,"('-76.50000', '40.10000')",[42.494],[29.444],[1.8],[0.5],[0.90999997],[11.187237],[24.8307],14.733516666666667,10.721292785348968,2015-01-25
Township of Rapho,"('-76.50000', '40.10000')",Township of East Hempfield,"('-76.40000', '40.10000')",[40.8713],[29.0813],[1.8],[0.5],[0.90999997],[11.187237],[24.8307],12.387283333333333,10.970339239564602,2015-01-25
Township of East Hempfield,"('-76.40000', '40.10000')",Township of Manheim,"('-76.30000', '40.10000')",[40.7075],[28.9175],[1.4],[0.4],[0.70000005],[11.830748],[27.067701],11.5344,11.039963341189608,2015-01-25
Township of Manheim,"('-76.30000', '40.10000')",West Lampeter,"('-76.30000', '40.00000')",[41.8406],[30.0506],[1.4],[0.4],[0.70000005],[11.830748],[27.067701],16.674883333333334,10.280873023408079,2015-01-25
Township of Susquehanna,"('-76.90000', '40.30000')",Township of Lower Paxton,"('-76.80000', '40.30000')",[79.061905],[55.3019],[0.],[0.],[0.],[5.5340323],[12.5272],10.849416666666666,3.9319099765642185,2020-06-08
Township of Lower Paxton,"('-76.80000', '40.30000')",Township of Fairview,"('-76.80000', '40.20000')",[78.9701],[54.8501],[0.],[0.],[0.],[5.3172884],[13.869399],24.443733333333334,4.05279760903503,2020-06-08
Township of Fairview,"('-76.80000', '40.20000')",Township of Londonderry,"('-76.70000', '40.20000')",[78.6074],[54.4874],[0.],[0.],[0.],[5.3172884],[13.869399],20.936483333333335,4.058402216378054,2020-06-08
Township of Londonderry,"('-76.70000', '40.20000')",Township of Conewago,"('-76.60000', '40.20000')",[78.1268],[53.0168],[0.],[0.],[0.],[5.7032533],[15.2116],9.969916666666668,4.159664502160415,2020-06-08
Township of Conewago,"('-76.60000', '40.20000')",Township of East Donegal,"('-76.60000', '40.10000')",[78.5021],[54.4721],[0.],[0.],[0.],[5.5340323],[14.3168],14.250716666666667,4.022845543272597,2020-06-08
Township of East Donegal,"('-76.60000', '40.10000')",Township of Rapho,"('-76.50000', '40.10000')",[78.4391],[54.6791],[0.],[0.],[0.],[5.9438567],[14.5405],14.733516666666667,4.004381248063409,2020-06-08
Township of Rapho,"('-76.50000', '40.10000')",Township of East Hempfield,"('-76.40000', '40.10000')",[78.1079],[54.617897],[0.],[0.],[0.],[5.8162003],[14.093101],12.387283333333333,4.002114280373095,2020-06-08
Township of East Hempfield,"('-76.40000', '40.10000')",Township of Manheim,"('-76.30000', '40.10000')",[77.8073],[53.6873],[0.],[0.],[0.],[5.7032533],[14.093101],11.5344,4.093215554541557,2020-06-08
Township of Manheim,"('-76.30000', '40.10000')",West Lampeter,"('-76.30000', '40.00000')",[77.3312],[54.201202],[0.],[0.],[0.],[5.8075895],[13.869399],16.674883333333334,4.060519166185128,2020-06-08
Township of Susquehanna,"('-76.90000', '40.30000')",Township of Lower Paxton,"('-76.80000', '40.30000')",[77.27],[51.17],[0.],[0.],[0.],[4.8290186],[10.5139],10.849416666666666,4.367925889764904,2011-10-10
Township of Lower Paxton,"('-76.80000', '40.30000')",Township of Fairview,"('-76.80000', '40.20000')",[77.956696],[53.1167],[0.],[0.],[0.],[4.8290186],[10.5139],24.443733333333334,4.228532918607375,2011-10-10
Township of Fairview,"('-76.80000', '40.20000')",Township of Londonderry,"('-76.70000', '40.20000')",[77.773994],[53.384],[0.],[0.],[0.],[4.8290186],[10.5139],20.936483333333335,4.170503029035899,2011-10-10
Township of Londonderry,"('-76.70000', '40.20000')",Township of Conewago,"('-76.60000', '40.20000')",[77.6768],[53.3768],[0.],[0.],[0.],[4.8290186],[10.290199],9.969916666666668,4.1217045043011815,2011-10-10
Township of Conewago,"('-76.60000', '40.20000')",Township of East Donegal,"('-76.60000', '40.10000')",[78.19701],[52.726997],[0.],[0.],[0.],[5.3874097],[10.290199],14.250716666666667,4.203216353007289,2011-10-10
Township of East Donegal,"('-76.60000', '40.10000')",Township of Rapho,"('-76.50000', '40.10000')",[78.313995],[54.824],[0.],[0.],[0.],[5.3874097],[10.290199],14.733516666666667,3.9902461014391735,2011-10-10
Township of Rapho,"('-76.50000', '40.10000')",Township of East Hempfield,"('-76.40000', '40.10000')",[78.1313],[52.6613],[0.],[0.],[0.],[5.3874097],[10.290199],12.387283333333333,4.203961310602926,2011-10-10
Township of East Hempfield,"('-76.40000', '40.10000')",Township of Manheim,"('-76.30000', '40.10000')",[78.057495],[52.4075],[0.],[0.],[0.],[5.5924997],[10.5139],11.5344,4.229231440977918,2011-10-10
Township of Manheim,"('-76.30000', '40.10000')",West Lampeter,"('-76.30000', '40.00000')",[78.8306],[55.3406],[0.],[0.],[0.],[5.5924997],[10.5139],16.674883333333334,3.949454951265074,2011-10-10
Township of Susquehanna,"('-76.90000', '40.30000')",Township of Lower Paxton,"('-76.80000', '40.30000')",[59.719997],[40.55],[0.],[0.],[0.],[5.236683],[10.5139],10.849416666666666,6.11126725476166,2011-11-26
Township of Lower Paxton,"('-76.80000', '40.30000')",Township of Fairview,"('-76.80000', '40.20000')",[60.3167],[41.0567],[0.],[0.],[0.],[5.236683],[10.5139],24.443733333333334,6.074505222833303,2011-11-26
Township of Fairview,"('-76.80000', '40.20000')",Township of Londonderry,"('-76.70000', '40.20000')",[60.044],[41.054],[0.],[0.],[0.],[5.236683],[10.5139],20.936483333333335,6.04518115304729,2011-11-26
Township of Londonderry,"('-76.70000', '40.20000')",Township of Conewago,"('-76.60000', '40.20000')",[59.8568],[40.6868],[0.],[0.],[0.],[5.3172884],[10.290199],9.969916666666668,6.078024187625501,2011-11-26
Township of Conewago,"('-76.60000', '40.20000')",Township of East Donegal,"('-76.60000', '40.10000')",[60.377],[40.847],[0.],[0.],[0.],[6.3034196],[10.7376],14.250716666666667,6.054281756550627,2011-11-26
Township of East Donegal,"('-76.60000', '40.10000')",Township of Rapho,"('-76.50000', '40.10000')",[60.494],[40.604],[0.],[0.],[0.],[6.3034196],[10.7376],14.733516666666667,6.111302118000223,2011-11-26
Township of Rapho,"('-76.50000', '40.10000')",Township of East Hempfield,"('-76.40000', '40.10000')",[60.221302],[39.8813],[0.],[0.],[0.],[6.3034196],[10.7376],12.387283333333333,6.273069729672984,2011-11-26
Township of East Hempfield,"('-76.40000', '40.10000')",Township of Manheim,"('-76.30000', '40.10000')",[60.2375],[39.6275],[0.],[0.],[0.],[6.6057816],[10.9613],11.5344,6.332640231434033,2011-11-26
Township of Manheim,"('-76.30000', '40.10000')",West Lampeter,"('-76.30000', '40.00000')",[60.9206],[40.6706],[0.],[0.],[0.],[6.6057816],[10.9613],16.674883333333334,6.104892816910466,2011-11-26
Township of Susquehanna,"('-76.90000', '40.30000')",Township of Lower Paxton,"('-76.80000', '40.30000')",[67.82],[46.22],[0.],[0.],[0.],[11.574179],[29.528399],10.849416666666666,5.037504934572489,2013-05-26
Township of Lower Paxton,"('-76.80000', '40.30000')",Township of Fairview,"('-76.80000', '40.20000')",[68.0567],[47.0867],[0.],[0.],[0.],[11.574179],[29.528399],24.443733333333334,4.983306305572183,2013-05-26
Township of Fairview,"('-76.80000', '40.20000')",Township of Londonderry,"('-76.70000', '40.20000')",[67.694],[46.814003],[0.],[0.],[0.],[11.574179],[29.528399],20.936483333333335,4.994074109623356,2013-05-26
Township of Londonderry,"('-76.70000', '40.20000')",Township of Conewago,"('-76.60000', '40.20000')",[67.416794],[46.4468],[0.],[0.],[0.],[12.26276],[29.9758],9.969916666666668,5.0003950783084585,2013-05-26
Township of Conewago,"('-76.60000', '40.20000')",Township of East Donegal,"('-76.60000', '40.10000')",[67.757],[47.057],[0.],[0.],[0.],[12.752862],[29.528399],14.250716666666667,4.920714328073641,2013-05-26
Township of East Donegal,"('-76.60000', '40.10000')",Township of Rapho,"('-76.50000', '40.10000')",[67.784],[47.264],[0.],[0.],[0.],[12.752862],[29.528399],14.733516666666667,4.892122139807582,2013-05-26
Township of Rapho,"('-76.50000', '40.10000')",Township of East Hempfield,"('-76.40000', '40.10000')",[67.6013],[47.1713],[0.],[0.],[0.],[12.752862],[29.528399],12.387283333333333,4.897464643194962,2013-05-26
Township of East Hempfield,"('-76.40000', '40.10000')",Township of Manheim,"('-76.30000', '40.10000')",[67.5275],[47.2775],[0.],[0.],[0.],[12.904989],[30.4232],11.5344,4.879459524637232,2013-05-26
Township of Manheim,"('-76.30000', '40.10000')",West Lampeter,"('-76.30000', '40.00000')",[68.0306],[47.870598],[0.],[0.],[0.],[12.904989],[30.4232],16.674883333333334,4.813698326899099,2013-05-26
Township of Susquehanna,"('-76.90000', '40.30000')",Township of Lower Paxton,"('-76.80000', '40.30000')",[70.97],[54.5],[3.7],[3.7],[0.],[8.908766],[15.659],10.849416666666666,4.174016610733144,2011-05-16
Township of Lower Paxton,"('-76.80000', '40.30000')",Township of Fairview,"('-76.80000', '40.20000')",[71.6567],[55.5467],[3.7],[3.7],[0.],[8.908766],[15.659],24.443733333333334,4.146607427819877,2011-05-16
Township of Fairview,"('-76.80000', '40.20000')",Township of Londonderry,"('-76.70000', '40.20000')",[70.934],[55.184],[3.7],[3.7],[0.],[8.908766],[15.659],20.936483333333335,4.152437300591945,2011-05-16
Township of Londonderry,"('-76.70000', '40.20000')",Township of Conewago,"('-76.60000', '40.20000')",[70.386795],[55.1768],[4.8],[4.8],[0.],[8.948],[16.330101],9.969916666666668,4.151688083298608,2011-05-16
Township of Conewago,"('-76.60000', '40.20000')",Township of East Donegal,"('-76.60000', '40.10000')",[70.817],[55.877],[4.8999996],[4.8999996],[0.],[8.87218],[15.8827],14.250716666666667,4.0991768698779865,2011-05-16
Township of East Donegal,"('-76.60000', '40.10000')",Township of Rapho,"('-76.50000', '40.10000')",[70.754],[56.444],[4.8999996],[4.8999996],[0.],[8.87218],[15.8827],14.733516666666667,4.046589337614397,2011-05-16
Township of Rapho,"('-76.50000', '40.10000')",Township of East Hempfield,"('-76.40000', '40.10000')",[70.3013],[56.7113],[4.8999996],[4.8999996],[0.],[8.87218],[15.8827],12.387283333333333,4.01313461951358,2011-05-16
Township of East Hempfield,"('-76.40000', '40.10000')",Township of Manheim,"('-76.30000', '40.10000')",[70.1375],[57.267498],[5.3999996],[5.3999996],[0.],[8.632038],[16.5538],11.5344,3.9801043067781814,2011-05-16
Township of Manheim,"('-76.30000', '40.10000')",West Lampeter,"('-76.30000', '40.00000')",[71.000595],[58.1306],[5.3999996],[5.3999996],[0.],[8.632038],[16.5538],16.674883333333334,3.9219664870721362,2011-05-16
Township of Susquehanna,"('-76.90000', '40.30000')",Township of Lower Paxton,"('-76.80000', '40.30000')",[87.5219],[74.6519],[18.099998],[18.099998],[0.],[5.0617533],[15.4353],10.849416666666666,3.217715573673553,2021-08-27
Township of Lower Paxton,"('-76.80000', '40.30000')",Township of Fairview,"('-76.80000', '40.20000')",[88.6001],[73.9301],[28.5],[28.5],[0.],[4.3950076],[11.8561],24.443733333333334,3.6462256216724174,2021-08-27
Township of Fairview,"('-76.80000', '40.20000')",Township of Londonderry,"('-76.70000', '40.20000')",[88.237404],[73.5674],[28.5],[28.5],[0.],[4.3950076],[11.8561],20.936483333333335,3.6379752016085045,2021-08-27
Township of Londonderry,"('-76.70000', '40.20000')",Township of Conewago,"('-76.60000', '40.20000')",[88.1168],[74.0768],[22.7],[22.7],[0.],[5.1450996],[12.079801],9.969916666666668,3.3842849357141183,2021-08-27
Township of Conewago,"('-76.60000', '40.20000')",Township of East Donegal,"('-76.60000', '40.10000')",[88.94209],[73.3721],[23.699999],[23.699999],[0.],[5.3874097],[13.1983],14.250716666666667,3.467161561923039,2021-08-27
Township of East Donegal,"('-76.60000', '40.10000')",Township of Rapho,"('-76.50000', '40.10000')",[87.7091],[74.5691],[17.5],[17.5],[0.],[5.6103673],[14.3168],14.733516666666667,3.2166905777530603,2021-08-27
Township of Rapho,"('-76.50000', '40.10000')",Township of East Hempfield,"('-76.40000', '40.10000')",[87.4679],[73.6979],[7.8000007],[7.8000007],[0.],[4.3434687],[12.3035],12.387283333333333,2.962572156771486,2021-08-27
Township of East Hempfield,"('-76.40000', '40.10000')",Township of Manheim,"('-76.30000', '40.10000')",[87.4373],[73.1273],[13.1],[13.1],[0.],[3.9067528],[12.5272],11.5344,3.1499572777347766,2021-08-27
Township of Manheim,"('-76.30000', '40.10000')",West Lampeter,"('-76.30000', '40.00000')",[88.9412],[74.5412],[7.5],[7.5],[0.],[7.713597],[17.6723],16.674883333333334,2.929641362782573,2021-08-27
Township of Susquehanna,"('-76.90000', '40.30000')",Township of Lower Paxton,"('-76.80000', '40.30000')",[88.6919],[72.0419],[9.200001],[9.200001],[0.],[10.31206],[22.1463],10.849416666666666,3.0859704113063917,2020-07-06
Township of Lower Paxton,"('-76.80000', '40.30000')",Township of Fairview,"('-76.80000', '40.20000')",[88.1501],[71.9501],[23.],[23.],[0.],[10.774819],[23.2648],24.443733333333334,3.5969952479902574,2020-07-06
Township of Fairview,"('-76.80000', '40.20000')",Township of Londonderry,"('-76.70000', '40.20000')",[87.7874],[71.5874],[23.],[23.],[0.],[10.774819],[23.2648],20.936483333333335,3.5891798762818463,2020-07-06
Township of Londonderry,"('-76.70000', '40.20000')",Township of Conewago,"('-76.60000', '40.20000')",[87.4868],[71.0168],[21.900002],[21.900002],[0.],[10.74226],[23.2648],9.969916666666668,3.5402499823583202,2020-07-06
Township of Conewago,"('-76.60000', '40.20000')",Township of East Donegal,"('-76.60000', '40.10000')",[88.492096],[71.9321],[27.8],[27.8],[0.],[11.294082],[22.8174],14.250716666666667,3.6802350625734674,2020-07-06
Township of East Donegal,"('-76.60000', '40.10000')",Township of Rapho,"('-76.50000', '40.10000')",[87.9791],[72.3191],[24.7],[24.7],[0.],[10.665118],[22.5937],14.733516666666667,3.5621704082850645,2020-07-06
Township of Rapho,"('-76.50000', '40.10000')",Township of East Hempfield,"('-76.40000', '40.10000')",[87.55791],[71.9879],[18.1],[18.1],[0.],[9.048105],[19.238201],12.387283333333333,3.369252276919416,2020-07-06
Township of East Hempfield,"('-76.40000', '40.10000')",Township of Manheim,"('-76.30000', '40.10000')",[86.9873],[71.6873],[11.400001],[11.400001],[0.],[7.9437127],[18.3434],11.5344,3.1752599481456176,2020-07-06
Township of Manheim,"('-76.30000', '40.10000')",West Lampeter,"('-76.30000', '40.00000')",[87.5912],[72.2012],[12.2],[12.2],[0.],[9.845342],[19.6856],16.674883333333334,3.1915483863414527,2020-07-06
Township of Susquehanna,"('-76.90000', '40.30000')",Township of Lower Paxton,"('-76.80000', '40.30000')",[56.12],[44.96],[18.4],[18.4],[0.],[16.60963],[43.3978],10.849416666666666,6.3118979097542445,2010-11-16
Township of Lower Paxton,"('-76.80000', '40.30000')",Township of Fairview,"('-76.80000', '40.20000')",[56.716698],[45.2867],[18.4],[18.4],[0.],[16.60963],[43.3978],24.443733333333334,6.323594759839185,2010-11-16
Township of Fairview,"('-76.80000', '40.20000')",Township of Londonderry,"('-76.70000', '40.20000')",[56.084],[45.104],[18.4],[18.4],[0.],[16.60963],[43.3978],20.936483333333335,6.330305497689077,2010-11-16
Township of Londonderry,"('-76.70000', '40.20000')",Township of Conewago,"('-76.60000', '40.20000')",[55.9868],[45.4568],[15.400001],[15.400001],[0.],[16.925978],[43.8452],9.969916666666668,6.0387356339193525,2010-11-16
Township of Conewago,"('-76.60000', '40.20000')",Township of East Donegal,"('-76.60000', '40.10000')",[57.047],[45.887],[14.000001],[14.000001],[0.],[17.32917],[40.042297],14.250716666666667,5.890818901033198,2010-11-16
Township of East Donegal,"('-76.60000', '40.10000')",Township of Rapho,"('-76.50000', '40.10000')",[57.164],[46.274002],[14.000001],[14.000001],[0.],[17.32917],[40.042297],14.733516666666667,5.822326575663482,2010-11-16
Township of Rapho,"('-76.50000', '40.10000')",Township of East Hempfield,"('-76.40000', '40.10000')",[56.9813],[45.6413],[14.000001],[14.000001],[0.],[17.32917],[40.042297],12.387283333333333,5.930042879917584,2010-11-16
Township of East Hempfield,"('-76.40000', '40.10000')",Township of Manheim,"('-76.30000', '40.10000')",[56.9075],[45.4775],[12.799999],[12.799999],[0.],[16.567398],[42.9504],11.5344,5.889789806019951,2010-11-16
Township of Manheim,"('-76.30000', '40.10000')",West Lampeter,"('-76.30000', '40.00000')",[57.5906],[46.3406],[12.799999],[12.799999],[0.],[16.567398],[42.9504],16.674883333333334,5.752389786453021,2010-11-16
Township of Susquehanna,"('-76.90000', '40.30000')",Township of Lower Paxton,"('-76.80000', '40.30000')",[85.6319],[67.2719],[2.9999998],[2.9999998],[0.],[7.405788],[17.2249],10.849416666666666,3.1519419876942187,2022-08-01
Township of Lower Paxton,"('-76.80000', '40.30000')",Township of Fairview,"('-76.80000', '40.20000')",[86.7101],[67.5401],[3.4999998],[3.4999998],[0.],[6.891267],[14.5405],24.443733333333334,3.2305174546204327,2022-08-01
Township of Fairview,"('-76.80000', '40.20000')",Township of Londonderry,"('-76.70000', '40.20000')",[86.3474],[67.1774],[3.4999998],[3.4999998],[0.],[6.891267],[14.5405],20.936483333333335,3.2220357734414575,2022-08-01
Township of Londonderry,"('-76.70000', '40.20000')",Township of Conewago,"('-76.60000', '40.20000')",[86.136795],[66.6968],[3.2],[3.2],[0.],[6.9670963],[15.8827],9.969916666666668,3.1911019197650257,2022-08-01
Township of Conewago,"('-76.60000', '40.20000')",Township of East Donegal,"('-76.60000', '40.10000')",[86.9621],[67.6121],[3.3000002],[3.3000002],[0.],[6.843904],[13.869399],14.250716666666667,3.1525899066719316,2022-08-01
Township of East Donegal,"('-76.60000', '40.10000')",Township of Rapho,"('-76.50000', '40.10000')",[86.8091],[67.7291],[3.6],[3.6],[0.],[6.6736126],[14.3168],14.733516666666667,3.1577229940689158,2022-08-01
Township of Rapho,"('-76.50000', '40.10000')",Township of East Hempfield,"('-76.40000', '40.10000')",[86.5679],[67.30791],[3.6999996],[3.6999996],[0.],[6.4563713],[14.3168],12.387283333333333,3.1776079745964854,2022-08-01
Township of East Hempfield,"('-76.40000', '40.10000')",Township of Manheim,"('-76.30000', '40.10000')",[85.5473],[67.097305],[3.8],[3.8],[0.],[6.4563713],[14.5405],11.5344,3.191127772706193,2022-08-01
Township of Manheim,"('-76.30000', '40.10000')",West Lampeter,"('-76.30000', '40.00000')",[85.521194],[67.6112],[4.7],[4.7],[0.],[8.164283],[16.1064],16.674883333333334,3.2103485322268845,2022-08-01
Township of Susquehanna,"('-76.90000', '40.30000')",Township of Lower Paxton,"('-76.80000', '40.30000')",[90.68],[69.44],[5.],[5.],[0.],[8.8127575],[22.369999],10.849416666666666,3.093987612756885,2012-07-23
Township of Lower Paxton,"('-76.80000', '40.30000')",Township of Fairview,"('-76.80000', '40.20000')",[91.36671],[69.6767],[5.],[5.],[0.],[8.8127575],[22.369999],24.443733333333334,3.1583820807284164,2012-07-23
Township of Fairview,"('-76.80000', '40.20000')",Township of Londonderry,"('-76.70000', '40.20000')",[90.914],[69.854],[5.],[5.],[0.],[8.8127575],[22.369999],20.936483333333335,3.1187109296417477,2012-07-23
Township of Londonderry,"('-76.70000', '40.20000')",Township of Conewago,"('-76.60000', '40.20000')",[90.5468],[69.5768],[4.5],[4.5],[0.],[8.984278],[22.8174],9.969916666666668,3.0682366728853316,2012-07-23
Township of Conewago,"('-76.60000', '40.20000')",Township of East Donegal,"('-76.60000', '40.10000')",[90.977005],[70.097],[1.6999999],[1.6999999],[0.],[9.771363],[21.2515],14.250716666666667,2.9624913476999377,2012-07-23
Township of East Donegal,"('-76.60000', '40.10000')",Township of Rapho,"('-76.50000', '40.10000')",[91.09401],[70.304],[1.6999999],[1.6999999],[0.],[9.771363],[21.2515],14.733516666666667,2.9535778917134636,2012-07-23
Township of Rapho,"('-76.50000', '40.10000')",Township of East Hempfield,"('-76.40000', '40.10000')",[90.9113],[70.1213],[1.6999999],[1.6999999],[0.],[9.771363],[21.2515],12.387283333333333,2.954853948658126,2012-07-23
Township of East Hempfield,"('-76.40000', '40.10000')",Township of Manheim,"('-76.30000', '40.10000')",[90.927505],[70.0475],[2.1],[2.1],[0.],[9.440564],[21.0278],11.5344,2.9691536071841718,2012-07-23
Township of Manheim,"('-76.30000', '40.10000')",West Lampeter,"('-76.30000', '40.00000')",[91.7006],[70.7306],[2.1],[2.1],[0.],[9.440564],[21.0278],16.674883333333334,2.9530214730198985,2012-07-23
Township of Susquehanna,"('-76.90000', '40.30000')",Township of Lower Paxton,"('-76.80000', '40.30000')",[84.731895],[71.4119],[1.8000001],[1.8000001],[0.],[7.5959244],[22.369999],10.849416666666666,2.887720952081414,2021-08-30
Township of Lower Paxton,"('-76.80000', '40.30000')",Township of Fairview,"('-76.80000', '40.20000')",[87.7901],[71.770096],[11.500001],[11.500001],[0.],[6.6095686],[21.0278],24.443733333333334,3.249615080866855,2021-08-30
Township of Fairview,"('-76.80000', '40.20000')",Township of Londonderry,"('-76.70000', '40.20000')",[87.4274],[71.4074],[11.500001],[11.500001],[0.],[6.6095686],[21.0278],20.936483333333335,3.2396738466499793,2021-08-30
Township of Londonderry,"('-76.70000', '40.20000')",Township of Conewago,"('-76.60000', '40.20000')",[86.94679],[71.2868],[10.299999],[10.299999],[0.],[7.0064893],[21.6989],9.969916666666668,3.1591184268266,2021-08-30
Township of Conewago,"('-76.60000', '40.20000')",Township of East Donegal,"('-76.60000', '40.10000')",[86.1521],[71.4821],[9.7],[9.7],[0.],[7.063396],[19.6856],14.250716666666667,3.1421033103356484,2021-08-30
Township of East Donegal,"('-76.60000', '40.10000')",Township of Rapho,"('-76.50000', '40.10000')",[85.9991],[71.8691],[11.300001],[11.300001],[0.],[7.436133],[21.6989],14.733516666666667,3.1728965300651693,2021-08-30
Township of Rapho,"('-76.50000', '40.10000')",Township of East Hempfield,"('-76.40000', '40.10000')",[85.6679],[71.1779],[12.800001],[12.800001],[0.],[8.863716],[22.1463],12.387283333333333,3.24993993486401,2021-08-30
Township of East Hempfield,"('-76.40000', '40.10000')",Township of Manheim,"('-76.30000', '40.10000')",[84.8273],[70.5173],[13.5],[13.5],[0.],[8.863716],[21.6989],11.5344,3.307640998765857,2021-08-30
Township of Manheim,"('-76.30000', '40.10000')",West Lampeter,"('-76.30000', '40.00000')",[84.3512],[71.9312],[13.4],[13.4],[0.],[7.074015],[19.238201],16.674883333333334,3.2435655775344685,2021-08-30
Township of Susquehanna,"('-76.90000', '40.30000')",Township of Lower Paxton,"('-76.80000', '40.30000')",[60.2519],[38.0219],[0.],[0.],[0.],[9.986646],[21.4752],10.849416666666666,6.753418354784073,2019-04-29
Township of Lower Paxton,"('-76.80000', '40.30000')",Township of Fairview,"('-76.80000', '40.20000')",[60.7901],[34.7801],[1.],[1.],[0.],[10.551908],[21.9226],24.443733333333334,7.969619981886957,2019-04-29
Township of Fairview,"('-76.80000', '40.20000')",Township of Londonderry,"('-76.70000', '40.20000')",[60.4274],[34.4174],[1.],[1.],[0.],[10.551908],[21.9226],20.936483333333335,8.079726233862315,2019-04-29
Township of Londonderry,"('-76.70000', '40.20000')",Township of Conewago,"('-76.60000', '40.20000')",[60.0368],[34.2068],[0.1],[0.1],[0.],[10.933873],[24.383299],9.969916666666668,8.033618539640846,2019-04-29
Township of Conewago,"('-76.60000', '40.20000')",Township of East Donegal,"('-76.60000', '40.10000')",[60.592102],[36.022102],[0.],[0.],[0.],[10.860399],[22.369999],14.250716666666667,7.376333911810842,2019-04-29
Township of East Donegal,"('-76.60000', '40.10000')",Township of Rapho,"('-76.50000', '40.10000')",[60.3491],[35.9591],[0.],[0.],[0.],[10.922426],[24.8307],14.733516666666667,7.399344189344819,2019-04-29
Township of Rapho,"('-76.50000', '40.10000')",Township of East Hempfield,"('-76.40000', '40.10000')",[60.1079],[35.1779],[0.],[0.],[0.],[10.20229],[26.3966],12.387283333333333,7.66320886892359,2019-04-29
Township of East Hempfield,"('-76.40000', '40.10000')",Township of Manheim,"('-76.30000', '40.10000')",[60.347298],[35.1473],[0.8],[0.8],[0.],[9.928854],[22.5937],11.5344,7.739951336698466,2019-04-29
Township of Manheim,"('-76.30000', '40.10000')",West Lampeter,"('-76.30000', '40.00000')",[60.0512],[36.7412],[0.],[0.],[0.],[10.263418],[24.159601],16.674883333333334,7.1544237455910915,2019-04-29
Township of Susquehanna,"('-76.90000', '40.30000')",Township of Lower Paxton,"('-76.80000', '40.30000')",[54.77],[51.98],[30.199999],[30.199999],[0.],[9.496058],[21.2515],10.849416666666666,5.70625464304772,2013-10-10
Township of Lower Paxton,"('-76.80000', '40.30000')",Township of Fairview,"('-76.80000', '40.20000')",[55.0967],[52.486702],[30.199999],[30.199999],[0.],[9.496058],[21.2515],24.443733333333334,5.708761140508365,2013-10-10
Township of Fairview,"('-76.80000', '40.20000')",Township of Londonderry,"('-76.70000', '40.20000')",[54.824],[51.854],[30.199999],[30.199999],[0.],[9.496058],[21.2515],20.936483333333335,5.772801639481168,2013-10-10
Township of Londonderry,"('-76.70000', '40.20000')",Township of Conewago,"('-76.60000', '40.20000')",[54.636803],[51.3968],[27.8],[27.8],[0.],[10.263418],[21.4752],9.969916666666668,5.6776105822024885,2013-10-10
Township of Conewago,"('-76.60000', '40.20000')",Township of East Donegal,"('-76.60000', '40.10000')",[55.336998],[52.277],[35.699997],[35.699997],[0.],[10.68387],[23.9359],14.250716666666667,5.931209371081379,2013-10-10
Township of East Donegal,"('-76.60000', '40.10000')",Township of Rapho,"('-76.50000', '40.10000')",[55.544],[52.034],[35.699997],[35.699997],[0.],[10.68387],[23.9359],14.733516666666667,5.970879891460023,2013-10-10
Township of Rapho,"('-76.50000', '40.10000')",Township of East Hempfield,"('-76.40000', '40.10000')",[55.3613],[51.311302],[35.699997],[35.699997],[0.],[10.68387],[23.9359],12.387283333333333,6.077838756105193,2013-10-10
Township of East Hempfield,"('-76.40000', '40.10000')",Township of Manheim,"('-76.30000', '40.10000')",[55.1975],[50.8775],[32.300003],[32.300003],[0.],[10.81191],[23.2648],11.5344,5.980799353655554,2013-10-10
Township of Manheim,"('-76.30000', '40.10000')",West Lampeter,"('-76.30000', '40.00000')",[55.9706],[51.3806],[32.300003],[32.300003],[0.],[10.81191],[23.2648],16.674883333333334,5.919940157971582,2013-10-10
Township of Susquehanna,"('-76.90000', '40.30000')",Township of Lower Paxton,"('-76.80000', '40.30000')",[50.0819],[32.8019],[0.],[0.],[0.],[8.84959],[20.3567],10.849416666666666,8.625723137884147,2017-02-21
Township of Lower Paxton,"('-76.80000', '40.30000')",Township of Fairview,"('-76.80000', '40.20000')",[49.990097],[33.6101],[0.],[0.],[0.],[8.849589],[20.3567],24.443733333333334,8.348128426325019,2017-02-21
Township of Fairview,"('-76.80000', '40.20000')",Township of Londonderry,"('-76.70000', '40.20000')",[49.6274],[33.2474],[0.],[0.],[0.],[8.849589],[20.3567],20.936483333333335,8.47387931952865,2017-02-21
Township of Londonderry,"('-76.70000', '40.20000')",Township of Conewago,"('-76.60000', '40.20000')",[49.1468],[32.9468],[0.],[0.],[0.],[8.849589],[21.9226],9.969916666666668,8.55786332219673,2017-02-21
Township of Conewago,"('-76.60000', '40.20000')",Township of East Donegal,"('-76.60000', '40.10000')",[49.5221],[33.3221],[0.],[0.],[0.],[8.849589],[19.461899],14.250716666666667,8.404269171672548,2017-02-21
Township of East Donegal,"('-76.60000', '40.10000')",Township of Rapho,"('-76.50000', '40.10000')",[49.4591],[33.2591],[0.],[0.],[0.],[9.059159],[20.133],14.733516666666667,8.433599464081627,2017-02-21
Township of Rapho,"('-76.50000', '40.10000')",Township of East Hempfield,"('-76.40000', '40.10000')",[48.9479],[32.5679],[0.],[0.],[0.],[8.77292],[20.133],12.387283333333333,8.738458499190784,2017-02-21
Township of East Hempfield,"('-76.40000', '40.10000')",Township of Manheim,"('-76.30000', '40.10000')",[49.0073],[31.9973],[0.],[0.],[0.],[8.468161],[19.6856],11.5344,9.01265599422756,2017-02-21
Township of Manheim,"('-76.30000', '40.10000')",West Lampeter,"('-76.30000', '40.00000')",[49.1612],[33.2312],[0.],[0.],[0.],[9.280181],[21.0278],16.674883333333334,8.454599743519864,2017-02-21
Township of Susquehanna,"('-76.90000', '40.30000')",Township of Lower Paxton,"('-76.80000', '40.30000')",[17.5919],[9.941898],[0.1],[0.],[0.07],[11.548208],[25.278101],10.849416666666666,-39.954926960862764,2017-12-31
Township of Lower Paxton,"('-76.80000', '40.30000')",Township of Fairview,"('-76.80000', '40.20000')",[18.0401],[10.840099],[0.1],[0.],[0.07],[11.602247],[26.3966],24.443733333333334,-51.237319009667814,2017-12-31
Township of Fairview,"('-76.80000', '40.20000')",Township of Londonderry,"('-76.70000', '40.20000')",[17.6774],[10.477398],[0.1],[0.],[0.07],[11.602247],[26.3966],20.936483333333335,-45.98267233229377,2017-12-31
Township of Londonderry,"('-76.70000', '40.20000')",Township of Conewago,"('-76.60000', '40.20000')",[17.0168],[10.086802],[0.1],[0.],[0.07],[11.634551],[28.186201],9.969916666666668,-41.43675150059932,2017-12-31
Township of Conewago,"('-76.60000', '40.20000')",Township of East Donegal,"('-76.60000', '40.10000')",[18.112099],[10.192101],[0.1],[0.],[0.07],[11.813817],[25.7255],14.250716666666667,-42.570322012058064,2017-12-31
Township of East Donegal,"('-76.60000', '40.10000')",Township of Rapho,"('-76.50000', '40.10000')",[17.2391],[10.5791],[0.1],[0.],[0.07],[12.021664],[26.844],14.733516666666667,-47.38657965129936,2017-12-31
Township of Rapho,"('-76.50000', '40.10000')",Township of East Hempfield,"('-76.40000', '40.10000')",[16.9079],[9.977901],[0.1],[0.],[0.07],[12.180871],[27.291399],12.387283333333333,-40.30850972707318,2017-12-31
Township of East Hempfield,"('-76.40000', '40.10000')",Township of Manheim,"('-76.30000', '40.10000')",[17.0573],[8.417301],[0.1],[0.],[0.07],[11.864539],[26.620298],11.5344,-29.039160196636747,2017-12-31
Township of Manheim,"('-76.30000', '40.10000')",West Lampeter,"('-76.30000', '40.00000')",[17.391201],[10.371201],[0.2],[0.],[0.14],[12.670191],[27.9625],16.674883333333334,-44.71128146675825,2017-12-31
Township of Susquehanna,"('-76.90000', '40.30000')",Township of Lower Paxton,"('-76.80000', '40.30000')",[57.29],[37.13],[0.],[0.],[0.],[11.049965],[24.159601],10.849416666666666,7.013462891321936,2014-11-03
Township of Lower Paxton,"('-76.80000', '40.30000')",Township of Fairview,"('-76.80000', '40.20000')",[57.8867],[37.8167],[0.],[0.],[0.],[11.049965],[24.159601],24.443733333333334,6.889029083193713,2014-11-03
Township of Fairview,"('-76.80000', '40.20000')",Township of Londonderry,"('-76.70000', '40.20000')",[57.524002],[37.544],[0.],[0.],[0.],[11.049965],[24.159601],20.936483333333335,6.937891709623512,2014-11-03
Township of Londonderry,"('-76.70000', '40.20000')",Township of Conewago,"('-76.60000', '40.20000')",[57.2468],[37.2668],[0.],[0.],[0.],[11.180524],[24.8307],9.969916666666668,6.970317756496717,2014-11-03
Township of Conewago,"('-76.60000', '40.20000')",Township of East Donegal,"('-76.60000', '40.10000')",[57.586998],[37.607],[0.],[0.],[0.],[11.956968],[25.7255],14.250716666666667,6.882459802290927,2014-11-03
Township of East Donegal,"('-76.60000', '40.10000')",Township of Rapho,"('-76.50000', '40.10000')",[57.524002],[37.814],[0.],[0.],[0.],[11.956968],[25.7255],14.733516666666667,6.824713584554099,2014-11-03
Township of Rapho,"('-76.50000', '40.10000')",Township of East Hempfield,"('-76.40000', '40.10000')",[57.2513],[37.5413],[0.],[0.],[0.],[11.956968],[25.7255],12.387283333333333,6.895247239201415,2014-11-03
Township of East Hempfield,"('-76.40000', '40.10000')",Township of Manheim,"('-76.30000', '40.10000')",[56.997498],[37.3775],[0.],[0.],[0.],[12.402748],[27.291399],11.5344,6.941045930570813,2014-11-03
Township of Manheim,"('-76.30000', '40.10000')",West Lampeter,"('-76.30000', '40.00000')",[57.5006],[37.9706],[0.],[0.],[0.],[12.402748],[27.291399],16.674883333333334,6.789067805712494,2014-11-03
Township of Susquehanna,"('-76.90000', '40.30000')",Township of Lower Paxton,"('-76.80000', '40.30000')",[62.951897],[39.2819],[0.],[0.],[0.],[10.026651],[21.9226],10.849416666666666,6.417318797966974,2023-03-22
Township of Lower Paxton,"('-76.80000', '40.30000')",Township of Fairview,"('-76.80000', '40.20000')",[62.9501],[41.620102],[0.],[0.],[0.],[10.504376],[23.0411],24.443733333333334,5.952372529550692,2023-03-22
Township of Fairview,"('-76.80000', '40.20000')",Township of Londonderry,"('-76.70000', '40.20000')",[62.5874],[41.2574],[0.],[0.],[0.],[10.504376],[23.0411],20.936483333333335,6.000497435459026,2023-03-22
Township of Londonderry,"('-76.70000', '40.20000')",Township of Conewago,"('-76.60000', '40.20000')",[62.5568],[40.776802],[0.],[0.],[0.],[11.211812],[26.3966],9.969916666666668,6.057619897525725,2023-03-22
Township of Conewago,"('-76.60000', '40.20000')",Township of East Donegal,"('-76.60000', '40.10000')",[63.0221],[41.4221],[0.],[0.],[0.],[10.711936],[23.0411],14.250716666666667,5.927731839574312,2023-03-22
Township of East Donegal,"('-76.60000', '40.10000')",Township of Rapho,"('-76.50000', '40.10000')",[62.9591],[41.2691],[0.],[0.],[0.],[10.81191],[23.7122],14.733516666666667,5.962782344607606,2023-03-22
Township of Rapho,"('-76.50000', '40.10000')",Township of East Hempfield,"('-76.40000', '40.10000')",[62.357903],[39.4079],[0.],[0.],[0.],[10.894902],[23.7122],12.387283333333333,6.3896938697478625,2023-03-22
Township of East Hempfield,"('-76.40000', '40.10000')",Township of Manheim,"('-76.30000', '40.10000')",[62.1473],[39.6473],[0.],[0.],[0.],[11.124436],[24.607],11.5344,6.327759574985921,2023-03-22
Township of Manheim,"('-76.30000', '40.10000')",West Lampeter,"('-76.30000', '40.00000')",[62.3012],[40.6112],[0.],[0.],[0.],[11.072585],[23.9359],16.674883333333334,6.1184516481049265,2023-03-22
